[  
    {  
        "model":"nalcs.team",
        "pk":1,
        "fields":{  
            "name":"Cloud9",
            "spring_championship_points":70,
            "last_updated":"2017-07-08T09:55:04.027Z"
        }
    },
    {  
        "model":"nalcs.team",
        "pk":2,
        "fields":{  
            "name":"Counter Logic Gaming",
            "spring_championship_points":10,
            "last_updated":"2017-07-08T09:55:04.027Z"
        }
    },
    {  
        "model":"nalcs.team",
        "pk":3,
        "fields":{  
            "name":"Immortals",
            "spring_championship_points":0,
            "last_updated":"2017-07-08T09:55:04.027Z"
        }
    },
    {  
        "model":"nalcs.team",
        "pk":4,
        "fields":{  
            "name":"Team Dignitas",
            "spring_championship_points":10,
            "last_updated":"2017-07-08T09:55:04.027Z"
        }
    },
    {  
        "model":"nalcs.team",
        "pk":5,
        "fields":{  
            "name":"Team SoloMid",
            "spring_championship_points":90,
            "last_updated":"2017-07-08T09:55:04.027Z"
        }
    },
    {  
        "model":"nalcs.team",
        "pk":6,
        "fields":{  
            "name":"Team Envy",
            "spring_championship_points":0,
            "last_updated":"2017-07-08T09:55:04.027Z"
        }
    },
    {  
        "model":"nalcs.team",
        "pk":7,
        "fields":{  
            "name":"Echo Fox",
            "spring_championship_points":0,
            "last_updated":"2017-07-08T09:55:04.027Z"
        }
    },
    {  
        "model":"nalcs.team",
        "pk":8,
        "fields":{  
            "name":"Team Liquid",
            "spring_championship_points":0,
            "last_updated":"2017-07-08T09:55:04.027Z"
        }
    },
    {  
        "model":"nalcs.team",
        "pk":9,
        "fields":{  
            "name":"Flyquest",
            "spring_championship_points":30,
            "last_updated":"2017-07-08T09:55:04.027Z"
        }
    },
    {  
        "model":"nalcs.team",
        "pk":10,
        "fields":{  
            "name":"Phoenix 1",
            "spring_championship_points":50,
            "last_updated":"2017-07-08T09:55:04.027Z"
        }
    },
    {  
        "model":"nalcs.season",
        "pk":1,
        "fields":{  
            "name":"Spring 2017",
            "date":"2017-01-20"
        }
    },
    {  
        "model":"nalcs.season",
        "pk":2,
        "fields":{  
            "name":"Summer 2017",
            "date":"2017-06-02"
        }
    },
    {  
        "model":"nalcs.match",
        "pk":1,
        "fields":{  
            "team_1":5,
            "team_2":1,
            "week":1,
            "game_number":1,
            "best_of":3,
            "season":1,
            "team_1_wins":0,
            "team_2_wins":2
        }
    },
    {  
        "model":"nalcs.match",
        "pk":2,
        "fields":{  
            "team_1":7,
            "team_2":10,
            "week":1,
            "game_number":2,
            "best_of":3,
            "season":1,
            "team_1_wins":0,
            "team_2_wins":2
        }
    },
    {  
        "model":"nalcs.match",
        "pk":3,
        "fields":{  
            "team_1":2,
            "team_2":8,
            "week":1,
            "game_number":3,
            "best_of":3,
            "season":1,
            "team_1_wins":0,
            "team_2_wins":2
        }
    },
    {  
        "model":"nalcs.match",
        "pk":4,
        "fields":{  
            "team_1":6,
            "team_2":9,
            "week":1,
            "game_number":4,
            "best_of":3,
            "season":1,
            "team_1_wins":0,
            "team_2_wins":2
        }
    },
    {  
        "model":"nalcs.match",
        "pk":5,
        "fields":{  
            "team_1":7,
            "team_2":3,
            "week":1,
            "game_number":5,
            "best_of":3,
            "season":1,
            "team_1_wins":1,
            "team_2_wins":2
        }
    },
    {  
        "model":"nalcs.match",
        "pk":6,
        "fields":{  
            "team_1":4,
            "team_2":10,
            "week":1,
            "game_number":6,
            "best_of":3,
            "season":1,
            "team_1_wins":2,
            "team_2_wins":1
        }
    },
    {  
        "model":"nalcs.match",
        "pk":7,
        "fields":{  
            "team_1":5,
            "team_2":3,
            "week":1,
            "game_number":7,
            "best_of":3,
            "season":1,
            "team_1_wins":2,
            "team_2_wins":1
        }
    },
    {  
        "model":"nalcs.match",
        "pk":8,
        "fields":{  
            "team_1":6,
            "team_2":2,
            "week":1,
            "game_number":8,
            "best_of":3,
            "season":1,
            "team_1_wins":0,
            "team_2_wins":2
        }
    },
    {  
        "model":"nalcs.match",
        "pk":9,
        "fields":{  
            "team_1":4,
            "team_2":1,
            "week":1,
            "game_number":9,
            "best_of":3,
            "season":1,
            "team_1_wins":1,
            "team_2_wins":2
        }
    },
    {  
        "model":"nalcs.match",
        "pk":10,
        "fields":{  
            "team_1":8,
            "team_2":9,
            "week":1,
            "game_number":10,
            "best_of":3,
            "season":1,
            "team_1_wins":1,
            "team_2_wins":2
        }
    },
    {  
        "model":"nalcs.match",
        "pk":11,
        "fields":{  
            "team_1":9,
            "team_2":2,
            "week":2,
            "game_number":11,
            "best_of":3,
            "season":1,
            "team_1_wins":2,
            "team_2_wins":0
        }
    },
    {  
        "model":"nalcs.match",
        "pk":12,
        "fields":{  
            "team_1":5,
            "team_2":4,
            "week":2,
            "game_number":12,
            "best_of":3,
            "season":1,
            "team_1_wins":2,
            "team_2_wins":1
        }
    },
    {  
        "model":"nalcs.match",
        "pk":13,
        "fields":{  
            "team_1":3,
            "team_2":1,
            "week":2,
            "game_number":13,
            "best_of":3,
            "season":1,
            "team_1_wins":0,
            "team_2_wins":2
        }
    },
    {  
        "model":"nalcs.match",
        "pk":14,
        "fields":{  
            "team_1":10,
            "team_2":6,
            "week":2,
            "game_number":14,
            "best_of":3,
            "season":1,
            "team_1_wins":2,
            "team_2_wins":0
        }
    },
    {  
        "model":"nalcs.match",
        "pk":15,
        "fields":{  
            "team_1":5,
            "team_2":8,
            "week":2,
            "game_number":15,
            "best_of":3,
            "season":1,
            "team_1_wins":2,
            "team_2_wins":1
        }
    },
    {  
        "model":"nalcs.match",
        "pk":16,
        "fields":{  
            "team_1":4,
            "team_2":7,
            "week":2,
            "game_number":16,
            "best_of":3,
            "season":1,
            "team_1_wins":1,
            "team_2_wins":2
        }
    },
    {  
        "model":"nalcs.match",
        "pk":17,
        "fields":{  
            "team_1":10,
            "team_2":8,
            "week":2,
            "game_number":17,
            "best_of":3,
            "season":1,
            "team_1_wins":2,
            "team_2_wins":0
        }
    },
    {  
        "model":"nalcs.match",
        "pk":18,
        "fields":{  
            "team_1":7,
            "team_2":9,
            "week":2,
            "game_number":18,
            "best_of":3,
            "season":1,
            "team_1_wins":2,
            "team_2_wins":1
        }
    },
    {  
        "model":"nalcs.match",
        "pk":19,
        "fields":{  
            "team_1":6,
            "team_2":3,
            "week":2,
            "game_number":19,
            "best_of":3,
            "season":1,
            "team_1_wins":1,
            "team_2_wins":2
        }
    },
    {  
        "model":"nalcs.match",
        "pk":20,
        "fields":{  
            "team_1":1,
            "team_2":2,
            "week":2,
            "game_number":20,
            "best_of":3,
            "season":1,
            "team_1_wins":2,
            "team_2_wins":1
        }
    },
    {  
        "model":"nalcs.match",
        "pk":21,
        "fields":{  
            "team_1":3,
            "team_2":10,
            "week":3,
            "game_number":21,
            "best_of":3,
            "season":1,
            "team_1_wins":0,
            "team_2_wins":2
        }
    },
    {  
        "model":"nalcs.match",
        "pk":22,
        "fields":{  
            "team_1":6,
            "team_2":8,
            "week":3,
            "game_number":22,
            "best_of":3,
            "season":1,
            "team_1_wins":2,
            "team_2_wins":0
        }
    },
    {  
        "model":"nalcs.match",
        "pk":23,
        "fields":{  
            "team_1":2,
            "team_2":5,
            "week":3,
            "game_number":23,
            "best_of":3,
            "season":1,
            "team_1_wins":1,
            "team_2_wins":2
        }
    },
    {  
        "model":"nalcs.match",
        "pk":24,
        "fields":{  
            "team_1":9,
            "team_2":4,
            "week":3,
            "game_number":24,
            "best_of":3,
            "season":1,
            "team_1_wins":2,
            "team_2_wins":0
        }
    },
    {  
        "model":"nalcs.match",
        "pk":25,
        "fields":{  
            "team_1":8,
            "team_2":7,
            "week":3,
            "game_number":25,
            "best_of":3,
            "season":1,
            "team_1_wins":2,
            "team_2_wins":1
        }
    },
    {  
        "model":"nalcs.match",
        "pk":26,
        "fields":{  
            "team_1":1,
            "team_2":6,
            "week":3,
            "game_number":26,
            "best_of":3,
            "season":1,
            "team_1_wins":2,
            "team_2_wins":0
        }
    },
    {  
        "model":"nalcs.match",
        "pk":27,
        "fields":{  
            "team_1":10,
            "team_2":5,
            "week":3,
            "game_number":27,
            "best_of":3,
            "season":1,
            "team_1_wins":1,
            "team_2_wins":2
        }
    },
    {  
        "model":"nalcs.match",
        "pk":28,
        "fields":{  
            "team_1":4,
            "team_2":2,
            "week":3,
            "game_number":28,
            "best_of":3,
            "season":1,
            "team_1_wins":0,
            "team_2_wins":2
        }
    },
    {  
        "model":"nalcs.match",
        "pk":29,
        "fields":{  
            "team_1":3,
            "team_2":9,
            "week":3,
            "game_number":29,
            "best_of":3,
            "season":1,
            "team_1_wins":0,
            "team_2_wins":2
        }
    },
    {  
        "model":"nalcs.match",
        "pk":30,
        "fields":{  
            "team_1":1,
            "team_2":7,
            "week":3,
            "game_number":30,
            "best_of":3,
            "season":1,
            "team_1_wins":2,
            "team_2_wins":0
        }
    },
    {  
        "model":"nalcs.match",
        "pk":31,
        "fields":{  
            "team_1":1,
            "team_2":8,
            "week":4,
            "game_number":31,
            "best_of":3,
            "season":1,
            "team_1_wins":2,
            "team_2_wins":1
        }
    },
    {  
        "model":"nalcs.match",
        "pk":32,
        "fields":{  
            "team_1":3,
            "team_2":4,
            "week":4,
            "game_number":32,
            "best_of":3,
            "season":1,
            "team_1_wins":2,
            "team_2_wins":0
        }
    },
    {  
        "model":"nalcs.match",
        "pk":33,
        "fields":{  
            "team_1":2,
            "team_2":7,
            "week":4,
            "game_number":33,
            "best_of":3,
            "season":1,
            "team_1_wins":0,
            "team_2_wins":2
        }
    },
    {  
        "model":"nalcs.match",
        "pk":34,
        "fields":{  
            "team_1":10,
            "team_2":9,
            "week":4,
            "game_number":34,
            "best_of":3,
            "season":1,
            "team_1_wins":0,
            "team_2_wins":2
        }
    },
    {  
        "model":"nalcs.match",
        "pk":35,
        "fields":{  
            "team_1":5,
            "team_2":6,
            "week":4,
            "game_number":35,
            "best_of":3,
            "season":1,
            "team_1_wins":2,
            "team_2_wins":0
        }
    },
    {  
        "model":"nalcs.match",
        "pk":36,
        "fields":{  
            "team_1":8,
            "team_2":3,
            "week":4,
            "game_number":36,
            "best_of":3,
            "season":1,
            "team_1_wins":0,
            "team_2_wins":2
        }
    },
    {  
        "model":"nalcs.match",
        "pk":37,
        "fields":{  
            "team_1":7,
            "team_2":5,
            "week":4,
            "game_number":37,
            "best_of":3,
            "season":1,
            "team_1_wins":2,
            "team_2_wins":0
        }
    },
    {  
        "model":"nalcs.match",
        "pk":38,
        "fields":{  
            "team_1":2,
            "team_2":10,
            "week":4,
            "game_number":38,
            "best_of":3,
            "season":1,
            "team_1_wins":2,
            "team_2_wins":1
        }
    },
    {  
        "model":"nalcs.match",
        "pk":39,
        "fields":{  
            "team_1":4,
            "team_2":6,
            "week":4,
            "game_number":39,
            "best_of":3,
            "season":1,
            "team_1_wins":2,
            "team_2_wins":0
        }
    },
    {  
        "model":"nalcs.match",
        "pk":40,
        "fields":{  
            "team_1":9,
            "team_2":1,
            "week":4,
            "game_number":40,
            "best_of":3,
            "season":1,
            "team_1_wins":1,
            "team_2_wins":2
        }
    },
    {  
        "model":"nalcs.match",
        "pk":41,
        "fields":{  
            "team_1":4,
            "team_2":9,
            "week":5,
            "game_number":41,
            "best_of":3,
            "season":1,
            "team_1_wins":2,
            "team_2_wins":0
        }
    },
    {  
        "model":"nalcs.match",
        "pk":42,
        "fields":{  
            "team_1":6,
            "team_2":10,
            "week":5,
            "game_number":42,
            "best_of":3,
            "season":1,
            "team_1_wins":0,
            "team_2_wins":2
        }
    },
    {  
        "model":"nalcs.match",
        "pk":43,
        "fields":{  
            "team_1":2,
            "team_2":3,
            "week":5,
            "game_number":43,
            "best_of":3,
            "season":1,
            "team_1_wins":2,
            "team_2_wins":1
        }
    },
    {  
        "model":"nalcs.match",
        "pk":44,
        "fields":{  
            "team_1":8,
            "team_2":4,
            "week":5,
            "game_number":44,
            "best_of":3,
            "season":1,
            "team_1_wins":1,
            "team_2_wins":2
        }
    },
    {  
        "model":"nalcs.match",
        "pk":45,
        "fields":{  
            "team_1":1,
            "team_2":5,
            "week":5,
            "game_number":45,
            "best_of":3,
            "season":1,
            "team_1_wins":1,
            "team_2_wins":2
        }
    },
    {  
        "model":"nalcs.match",
        "pk":46,
        "fields":{  
            "team_1":6,
            "team_2":7,
            "week":5,
            "game_number":46,
            "best_of":3,
            "season":1,
            "team_1_wins":2,
            "team_2_wins":0
        }
    },
    {  
        "model":"nalcs.match",
        "pk":47,
        "fields":{  
            "team_1":9,
            "team_2":5,
            "week":5,
            "game_number":47,
            "best_of":3,
            "season":1,
            "team_1_wins":1,
            "team_2_wins":2
        }
    },
    {  
        "model":"nalcs.match",
        "pk":48,
        "fields":{  
            "team_1":3,
            "team_2":7,
            "week":5,
            "game_number":48,
            "best_of":3,
            "season":1,
            "team_1_wins":2,
            "team_2_wins":0
        }
    },
    {  
        "model":"nalcs.match",
        "pk":49,
        "fields":{  
            "team_1":10,
            "team_2":1,
            "week":5,
            "game_number":49,
            "best_of":3,
            "season":1,
            "team_1_wins":2,
            "team_2_wins":0
        }
    },
    {  
        "model":"nalcs.match",
        "pk":50,
        "fields":{  
            "team_1":8,
            "team_2":2,
            "week":5,
            "game_number":50,
            "best_of":3,
            "season":1,
            "team_1_wins":1,
            "team_2_wins":2
        }
    },
    {  
        "model":"nalcs.match",
        "pk":51,
        "fields":{  
            "team_1":3,
            "team_2":8,
            "week":6,
            "game_number":51,
            "best_of":3,
            "season":1,
            "team_1_wins":1,
            "team_2_wins":2
        }
    },
    {  
        "model":"nalcs.match",
        "pk":52,
        "fields":{  
            "team_1":10,
            "team_2":2,
            "week":6,
            "game_number":52,
            "best_of":3,
            "season":1,
            "team_1_wins":1,
            "team_2_wins":2
        }
    },
    {  
        "model":"nalcs.match",
        "pk":53,
        "fields":{  
            "team_1":7,
            "team_2":1,
            "week":6,
            "game_number":53,
            "best_of":3,
            "season":1,
            "team_1_wins":0,
            "team_2_wins":2
        }
    },
    {  
        "model":"nalcs.match",
        "pk":54,
        "fields":{  
            "team_1":9,
            "team_2":6,
            "week":6,
            "game_number":54,
            "best_of":3,
            "season":1,
            "team_1_wins":2,
            "team_2_wins":1
        }
    },
    {  
        "model":"nalcs.match",
        "pk":55,
        "fields":{  
            "team_1":5,
            "team_2":2,
            "week":6,
            "game_number":55,
            "best_of":3,
            "season":1,
            "team_1_wins":2,
            "team_2_wins":0
        }
    },
    {  
        "model":"nalcs.match",
        "pk":56,
        "fields":{  
            "team_1":10,
            "team_2":4,
            "week":6,
            "game_number":56,
            "best_of":3,
            "season":1,
            "team_1_wins":2,
            "team_2_wins":1
        }
    },
    {  
        "model":"nalcs.match",
        "pk":57,
        "fields":{  
            "team_1":4,
            "team_2":5,
            "week":6,
            "game_number":57,
            "best_of":3,
            "season":1,
            "team_1_wins":0,
            "team_2_wins":2
        }
    },
    {  
        "model":"nalcs.match",
        "pk":58,
        "fields":{  
            "team_1":7,
            "team_2":8,
            "week":6,
            "game_number":58,
            "best_of":3,
            "season":1,
            "team_1_wins":2,
            "team_2_wins":1
        }
    },
    {  
        "model":"nalcs.match",
        "pk":59,
        "fields":{  
            "team_1":1,
            "team_2":9,
            "week":6,
            "game_number":59,
            "best_of":3,
            "season":1,
            "team_1_wins":2,
            "team_2_wins":0
        }
    },
    {  
        "model":"nalcs.match",
        "pk":60,
        "fields":{  
            "team_1":3,
            "team_2":6,
            "week":6,
            "game_number":60,
            "best_of":3,
            "season":1,
            "team_1_wins":1,
            "team_2_wins":2
        }
    },
    {  
        "model":"nalcs.match",
        "pk":61,
        "fields":{  
            "team_1":8,
            "team_2":1,
            "week":7,
            "game_number":61,
            "best_of":3,
            "season":1,
            "team_1_wins":0,
            "team_2_wins":2
        }
    },
    {  
        "model":"nalcs.match",
        "pk":62,
        "fields":{  
            "team_1":9,
            "team_2":10,
            "week":7,
            "game_number":62,
            "best_of":3,
            "season":1,
            "team_1_wins":0,
            "team_2_wins":2
        }
    },
    {  
        "model":"nalcs.match",
        "pk":63,
        "fields":{  
            "team_1":2,
            "team_2":4,
            "week":7,
            "game_number":63,
            "best_of":3,
            "season":1,
            "team_1_wins":0,
            "team_2_wins":2
        }
    },
    {  
        "model":"nalcs.match",
        "pk":64,
        "fields":{  
            "team_1":6,
            "team_2":5,
            "week":7,
            "game_number":64,
            "best_of":3,
            "season":1,
            "team_1_wins":1,
            "team_2_wins":2
        }
    },
    {  
        "model":"nalcs.match",
        "pk":65,
        "fields":{  
            "team_1":9,
            "team_2":3,
            "week":7,
            "game_number":65,
            "best_of":3,
            "season":1,
            "team_1_wins":0,
            "team_2_wins":2
        }
    },
    {  
        "model":"nalcs.match",
        "pk":66,
        "fields":{  
            "team_1":10,
            "team_2":7,
            "week":7,
            "game_number":66,
            "best_of":3,
            "season":1,
            "team_1_wins":2,
            "team_2_wins":0
        }
    },
    {  
        "model":"nalcs.match",
        "pk":67,
        "fields":{  
            "team_1":2,
            "team_2":1,
            "week":7,
            "game_number":67,
            "best_of":3,
            "season":1,
            "team_1_wins":2,
            "team_2_wins":1
        }
    },
    {  
        "model":"nalcs.match",
        "pk":68,
        "fields":{  
            "team_1":7,
            "team_2":4,
            "week":7,
            "game_number":68,
            "best_of":3,
            "season":1,
            "team_1_wins":1,
            "team_2_wins":2
        }
    },
    {  
        "model":"nalcs.match",
        "pk":69,
        "fields":{  
            "team_1":3,
            "team_2":5,
            "week":7,
            "game_number":69,
            "best_of":3,
            "season":1,
            "team_1_wins":1,
            "team_2_wins":2
        }
    },
    {  
        "model":"nalcs.match",
        "pk":70,
        "fields":{  
            "team_1":8,
            "team_2":6,
            "week":7,
            "game_number":70,
            "best_of":3,
            "season":1,
            "team_1_wins":2,
            "team_2_wins":1
        }
    },
    {  
        "model":"nalcs.match",
        "pk":71,
        "fields":{  
            "team_1":4,
            "team_2":8,
            "week":8,
            "game_number":71,
            "best_of":3,
            "season":1,
            "team_1_wins":2,
            "team_2_wins":0
        }
    },
    {  
        "model":"nalcs.match",
        "pk":72,
        "fields":{  
            "team_1":7,
            "team_2":2,
            "week":8,
            "game_number":72,
            "best_of":3,
            "season":1,
            "team_1_wins":0,
            "team_2_wins":2
        }
    },
    {  
        "model":"nalcs.match",
        "pk":73,
        "fields":{  
            "team_1":1,
            "team_2":3,
            "week":8,
            "game_number":73,
            "best_of":3,
            "season":1,
            "team_1_wins":1,
            "team_2_wins":2
        }
    },
    {  
        "model":"nalcs.match",
        "pk":74,
        "fields":{  
            "team_1":6,
            "team_2":4,
            "week":8,
            "game_number":74,
            "best_of":3,
            "season":1,
            "team_1_wins":1,
            "team_2_wins":2
        }
    },
    {  
        "model":"nalcs.match",
        "pk":75,
        "fields":{  
            "team_1":5,
            "team_2":9,
            "week":8,
            "game_number":75,
            "best_of":3,
            "season":1,
            "team_1_wins":2,
            "team_2_wins":1
        }
    },
    {  
        "model":"nalcs.match",
        "pk":76,
        "fields":{  
            "team_1":8,
            "team_2":10,
            "week":8,
            "game_number":76,
            "best_of":3,
            "season":1,
            "team_1_wins":0,
            "team_2_wins":2
        }
    },
    {  
        "model":"nalcs.match",
        "pk":77,
        "fields":{  
            "team_1":5,
            "team_2":7,
            "week":8,
            "game_number":77,
            "best_of":3,
            "season":1,
            "team_1_wins":2,
            "team_2_wins":0
        }
    },
    {  
        "model":"nalcs.match",
        "pk":78,
        "fields":{  
            "team_1":10,
            "team_2":3,
            "week":8,
            "game_number":78,
            "best_of":3,
            "season":1,
            "team_1_wins":2,
            "team_2_wins":0
        }
    },
    {  
        "model":"nalcs.match",
        "pk":79,
        "fields":{  
            "team_1":2,
            "team_2":9,
            "week":8,
            "game_number":79,
            "best_of":3,
            "season":1,
            "team_1_wins":2,
            "team_2_wins":0
        }
    },
    {  
        "model":"nalcs.match",
        "pk":80,
        "fields":{  
            "team_1":6,
            "team_2":1,
            "week":8,
            "game_number":80,
            "best_of":3,
            "season":1,
            "team_1_wins":1,
            "team_2_wins":2
        }
    },
    {  
        "model":"nalcs.match",
        "pk":81,
        "fields":{  
            "team_1":1,
            "team_2":4,
            "week":9,
            "game_number":81,
            "best_of":3,
            "season":1,
            "team_1_wins":2,
            "team_2_wins":0
        }
    },
    {  
        "model":"nalcs.match",
        "pk":82,
        "fields":{  
            "team_1":9,
            "team_2":7,
            "week":9,
            "game_number":82,
            "best_of":3,
            "season":1,
            "team_1_wins":2,
            "team_2_wins":0
        }
    },
    {  
        "model":"nalcs.match",
        "pk":83,
        "fields":{  
            "team_1":3,
            "team_2":2,
            "week":9,
            "game_number":83,
            "best_of":3,
            "season":1,
            "team_1_wins":2,
            "team_2_wins":0
        }
    },
    {  
        "model":"nalcs.match",
        "pk":84,
        "fields":{  
            "team_1":8,
            "team_2":5,
            "week":9,
            "game_number":84,
            "best_of":3,
            "season":1,
            "team_1_wins":2,
            "team_2_wins":1
        }
    },
    {  
        "model":"nalcs.match",
        "pk":85,
        "fields":{  
            "team_1":1,
            "team_2":10,
            "week":9,
            "game_number":85,
            "best_of":3,
            "season":1,
            "team_1_wins":2,
            "team_2_wins":0
        }
    },
    {  
        "model":"nalcs.match",
        "pk":86,
        "fields":{  
            "team_1":7,
            "team_2":6,
            "week":9,
            "game_number":86,
            "best_of":3,
            "season":1,
            "team_1_wins":2,
            "team_2_wins":1
        }
    },
    {  
        "model":"nalcs.match",
        "pk":87,
        "fields":{  
            "team_1":5,
            "team_2":10,
            "week":9,
            "game_number":87,
            "best_of":3,
            "season":1,
            "team_1_wins":2,
            "team_2_wins":0
        }
    },
    {  
        "model":"nalcs.match",
        "pk":88,
        "fields":{  
            "team_1":4,
            "team_2":3,
            "week":9,
            "game_number":88,
            "best_of":3,
            "season":1,
            "team_1_wins":2,
            "team_2_wins":0
        }
    },
    {  
        "model":"nalcs.match",
        "pk":89,
        "fields":{  
            "team_1":9,
            "team_2":8,
            "week":9,
            "game_number":89,
            "best_of":3,
            "season":1,
            "team_1_wins":2,
            "team_2_wins":1
        }
    },
    {  
        "model":"nalcs.match",
        "pk":90,
        "fields":{  
            "team_1":2,
            "team_2":6,
            "week":9,
            "game_number":90,
            "best_of":3,
            "season":1,
            "team_1_wins":2,
            "team_2_wins":1
        }
    },
    {  
        "model":"nalcs.match",
        "pk":91,
        "fields":{  
            "team_1":1,
            "team_2":2,
            "week":1,
            "game_number":1,
            "best_of":3,
            "season":2,
            "team_1_wins":1,
            "team_2_wins":2
        }
    },
    {  
        "model":"nalcs.match",
        "pk":92,
        "fields":{  
            "team_1":3,
            "team_2":10,
            "week":1,
            "game_number":2,
            "best_of":3,
            "season":2,
            "team_1_wins":2,
            "team_2_wins":1
        }
    },
    {  
        "model":"nalcs.match",
        "pk":93,
        "fields":{  
            "team_1":2,
            "team_2":8,
            "week":1,
            "game_number":3,
            "best_of":3,
            "season":2,
            "team_1_wins":2,
            "team_2_wins":0
        }
    },
    {  
        "model":"nalcs.match",
        "pk":94,
        "fields":{  
            "team_1":7,
            "team_2":9,
            "week":1,
            "game_number":4,
            "best_of":3,
            "season":2,
            "team_1_wins":2,
            "team_2_wins":0
        }
    },
    {  
        "model":"nalcs.match",
        "pk":95,
        "fields":{  
            "team_1":5,
            "team_2":1,
            "week":1,
            "game_number":5,
            "best_of":3,
            "season":2,
            "team_1_wins":2,
            "team_2_wins":0
        }
    },
    {  
        "model":"nalcs.match",
        "pk":96,
        "fields":{  
            "team_1":4,
            "team_2":6,
            "week":1,
            "game_number":6,
            "best_of":3,
            "season":2,
            "team_1_wins":2,
            "team_2_wins":1
        }
    },
    {  
        "model":"nalcs.match",
        "pk":97,
        "fields":{  
            "team_1":3,
            "team_2":5,
            "week":1,
            "game_number":7,
            "best_of":3,
            "season":2,
            "team_1_wins":2,
            "team_2_wins":0
        }
    },
    {  
        "model":"nalcs.match",
        "pk":98,
        "fields":{  
            "team_1":6,
            "team_2":10,
            "week":1,
            "game_number":8,
            "best_of":3,
            "season":2,
            "team_1_wins":2,
            "team_2_wins":0
        }
    },
    {  
        "model":"nalcs.match",
        "pk":99,
        "fields":{  
            "team_1":9,
            "team_2":4,
            "week":1,
            "game_number":9,
            "best_of":3,
            "season":2,
            "team_1_wins":0,
            "team_2_wins":2
        }
    },
    {  
        "model":"nalcs.match",
        "pk":100,
        "fields":{  
            "team_1":8,
            "team_2":7,
            "week":1,
            "game_number":10,
            "best_of":3,
            "season":2,
            "team_1_wins":0,
            "team_2_wins":2
        }
    },
    {  
        "model":"nalcs.match",
        "pk":101,
        "fields":{  
            "team_1":10,
            "team_2":1,
            "week":2,
            "game_number":11,
            "best_of":3,
            "season":2,
            "team_1_wins":0,
            "team_2_wins":2
        }
    },
    {  
        "model":"nalcs.match",
        "pk":102,
        "fields":{  
            "team_1":3,
            "team_2":6,
            "week":2,
            "game_number":12,
            "best_of":3,
            "season":2,
            "team_1_wins":0,
            "team_2_wins":2
        }
    },
    {  
        "model":"nalcs.match",
        "pk":103,
        "fields":{  
            "team_1":4,
            "team_2":5,
            "week":2,
            "game_number":13,
            "best_of":3,
            "season":2,
            "team_1_wins":2,
            "team_2_wins":1
        }
    },
    {  
        "model":"nalcs.match",
        "pk":104,
        "fields":{  
            "team_1":7,
            "team_2":2,
            "week":2,
            "game_number":14,
            "best_of":3,
            "season":2,
            "team_1_wins":1,
            "team_2_wins":2
        }
    },
    {  
        "model":"nalcs.match",
        "pk":105,
        "fields":{  
            "team_1":3,
            "team_2":9,
            "week":2,
            "game_number":15,
            "best_of":3,
            "season":2,
            "team_1_wins":2,
            "team_2_wins":1
        }
    },
    {  
        "model":"nalcs.match",
        "pk":106,
        "fields":{  
            "team_1":6,
            "team_2":8,
            "week":2,
            "game_number":16,
            "best_of":3,
            "season":2,
            "team_1_wins":2,
            "team_2_wins":1
        }
    },
    {  
        "model":"nalcs.match",
        "pk":107,
        "fields":{  
            "team_1":7,
            "team_2":1,
            "week":2,
            "game_number":17,
            "best_of":3,
            "season":2,
            "team_1_wins":0,
            "team_2_wins":2
        }
    },
    {  
        "model":"nalcs.match",
        "pk":108,
        "fields":{  
            "team_1":4,
            "team_2":8,
            "week":2,
            "game_number":18,
            "best_of":3,
            "season":2,
            "team_1_wins":1,
            "team_2_wins":2
        }
    },
    {  
        "model":"nalcs.match",
        "pk":109,
        "fields":{  
            "team_1":2,
            "team_2":5,
            "week":2,
            "game_number":19,
            "best_of":3,
            "season":2,
            "team_1_wins":1,
            "team_2_wins":2
        }
    },
    {  
        "model":"nalcs.match",
        "pk":110,
        "fields":{  
            "team_1":10,
            "team_2":9,
            "week":2,
            "game_number":20,
            "best_of":3,
            "season":2,
            "team_1_wins":0,
            "team_2_wins":2
        }
    },
    {  
        "model":"nalcs.match",
        "pk":111,
        "fields":{  
            "team_1":3,
            "team_2":8,
            "week":3,
            "game_number":21,
            "best_of":3,
            "season":2,
            "team_1_wins":2,
            "team_2_wins":0
        }
    },
    {  
        "model":"nalcs.match",
        "pk":112,
        "fields":{  
            "team_1":6,
            "team_2":7,
            "week":3,
            "game_number":22,
            "best_of":3,
            "season":2,
            "team_1_wins":0,
            "team_2_wins":2
        }
    },
    {  
        "model":"nalcs.match",
        "pk":113,
        "fields":{  
            "team_1":8,
            "team_2":5,
            "week":3,
            "game_number":23,
            "best_of":3,
            "season":2,
            "team_1_wins":0,
            "team_2_wins":2
        }
    },
    {  
        "model":"nalcs.match",
        "pk":114,
        "fields":{  
            "team_1":3,
            "team_2":1,
            "week":3,
            "game_number":24,
            "best_of":3,
            "season":2,
            "team_1_wins":2,
            "team_2_wins":1
        }
    },
    {  
        "model":"nalcs.match",
        "pk":115,
        "fields":{  
            "team_1":9,
            "team_2":2,
            "week":3,
            "game_number":25,
            "best_of":3,
            "season":2,
            "team_1_wins":1,
            "team_2_wins":2
        }
    },
    {  
        "model":"nalcs.match",
        "pk":116,
        "fields":{  
            "team_1":10,
            "team_2":4,
            "week":3,
            "game_number":26,
            "best_of":3,
            "season":2,
            "team_1_wins":1,
            "team_2_wins":2
        }
    },
    {  
        "model":"nalcs.match",
        "pk":117,
        "fields":{  
            "team_1":6,
            "team_2":5,
            "week":3,
            "game_number":27,
            "best_of":3,
            "season":2,
            "team_1_wins":0,
            "team_2_wins":2
        }
    },
    {  
        "model":"nalcs.match",
        "pk":118,
        "fields":{  
            "team_1":10,
            "team_2":2,
            "week":3,
            "game_number":28,
            "best_of":3,
            "season":2,
            "team_1_wins":1,
            "team_2_wins":2
        }
    },
    {  
        "model":"nalcs.match",
        "pk":119,
        "fields":{  
            "team_1":9,
            "team_2":1,
            "week":3,
            "game_number":29,
            "best_of":3,
            "season":2,
            "team_1_wins":0,
            "team_2_wins":2
        }
    },
    {  
        "model":"nalcs.match",
        "pk":120,
        "fields":{  
            "team_1":4,
            "team_2":7,
            "week":3,
            "game_number":30,
            "best_of":3,
            "season":2,
            "team_1_wins":2,
            "team_2_wins":1
        }
    },
    {  
        "model":"nalcs.match",
        "pk":121,
        "fields":{  
            "team_1":3,
            "team_2":2,
            "week":4,
            "game_number":31,
            "best_of":3,
            "season":2,
            "team_1_wins":2,
            "team_2_wins":0
        }
    },
    {  
        "model":"nalcs.match",
        "pk":122,
        "fields":{  
            "team_1":7,
            "team_2":10,
            "week":4,
            "game_number":32,
            "best_of":3,
            "season":2,
            "team_1_wins":0,
            "team_2_wins":2
        }
    },
    {  
        "model":"nalcs.match",
        "pk":123,
        "fields":{  
            "team_1":5,
            "team_2":9,
            "week":4,
            "game_number":33,
            "best_of":3,
            "season":2,
            "team_1_wins":2,
            "team_2_wins":0
        }
    },
    {  
        "model":"nalcs.match",
        "pk":124,
        "fields":{  
            "team_1":2,
            "team_2":6,
            "week":4,
            "game_number":34,
            "best_of":3,
            "season":2,
            "team_1_wins":2,
            "team_2_wins":1
        }
    },
    {  
        "model":"nalcs.match",
        "pk":125,
        "fields":{  
            "team_1":1,
            "team_2":8,
            "week":4,
            "game_number":35,
            "best_of":3,
            "season":2,
            "team_1_wins":2,
            "team_2_wins":0
        }
    },
    {  
        "model":"nalcs.match",
        "pk":126,
        "fields":{  
            "team_1":3,
            "team_2":4,
            "week":4,
            "game_number":36,
            "best_of":3,
            "season":2,
            "team_1_wins":2,
            "team_2_wins":1
        }
    },
    {  
        "model":"nalcs.match",
        "pk":127,
        "fields":{  
            "team_1":5,
            "team_2":7,
            "week":4,
            "game_number":37,
            "best_of":3,
            "season":2,
            "team_1_wins":2,
            "team_2_wins":0
        }
    },
    {  
        "model":"nalcs.match",
        "pk":128,
        "fields":{  
            "team_1":8,
            "team_2":10,
            "week":4,
            "game_number":38,
            "best_of":3,
            "season":2,
            "team_1_wins":2,
            "team_2_wins":1
        }
    },
    {  
        "model":"nalcs.match",
        "pk":129,
        "fields":{  
            "team_1":1,
            "team_2":4,
            "week":4,
            "game_number":39,
            "best_of":3,
            "season":2,
            "team_1_wins":2,
            "team_2_wins":1
        }
    },
    {  
        "model":"nalcs.match",
        "pk":130,
        "fields":{  
            "team_1":9,
            "team_2":6,
            "week":4,
            "game_number":40,
            "best_of":3,
            "season":2,
            "team_1_wins":1,
            "team_2_wins":2
        }
    },
    {  
        "model":"nalcs.match",
        "pk":131,
        "fields":{  
            "team_1":1,
            "team_2":5,
            "week":5,
            "game_number":41,
            "best_of":3,
            "season":2,
            "team_1_wins":2,
            "team_2_wins":1
        }
    },
    {  
        "model":"nalcs.match",
        "pk":132,
        "fields":{  
            "team_1":10,
            "team_2":6,
            "week":5,
            "game_number":42,
            "best_of":3,
            "season":2,
            "team_1_wins":2,
            "team_2_wins":1
        }
    },
    {  
        "model":"nalcs.match",
        "pk":133,
        "fields":{  
            "team_1":5,
            "team_2":3,
            "week":5,
            "game_number":43,
            "best_of":3,
            "season":2,
            "team_1_wins":2,
            "team_2_wins":0
        }
    },
    {  
        "model":"nalcs.match",
        "pk":134,
        "fields":{  
            "team_1":2,
            "team_2":1,
            "week":5,
            "game_number":44,
            "best_of":3,
            "season":2,
            "team_1_wins":2,
            "team_2_wins":1
        }
    },
    {  
        "model":"nalcs.match",
        "pk":135,
        "fields":{  
            "team_1":4,
            "team_2":9,
            "week":5,
            "game_number":45,
            "best_of":3,
            "season":2,
            "team_1_wins":1,
            "team_2_wins":2
        }
    },
    {  
        "model":"nalcs.match",
        "pk":136,
        "fields":{  
            "team_1":7,
            "team_2":8,
            "week":5,
            "game_number":46,
            "best_of":3,
            "season":2,
            "team_1_wins":2,
            "team_2_wins":1
        }
    },
    {  
        "model":"nalcs.match",
        "pk":137,
        "fields":{  
            "team_1":10,
            "team_2":3,
            "week":5,
            "game_number":47,
            "best_of":3,
            "season":2,
            "team_1_wins":2,
            "team_2_wins":1
        }
    },
    {  
        "model":"nalcs.match",
        "pk":138,
        "fields":{  
            "team_1":9,
            "team_2":7,
            "week":5,
            "game_number":48,
            "best_of":3,
            "season":2,
            "team_1_wins":2,
            "team_2_wins":1
        }
    },
    {  
        "model":"nalcs.match",
        "pk":139,
        "fields":{  
            "team_1":6,
            "team_2":4,
            "week":5,
            "game_number":49,
            "best_of":3,
            "season":2,
            "team_1_wins":2,
            "team_2_wins":1
        }
    },
    {  
        "model":"nalcs.match",
        "pk":140,
        "fields":{  
            "team_1":8,
            "team_2":2,
            "week":5,
            "game_number":50,
            "best_of":3,
            "season":2,
            "team_1_wins":0,
            "team_2_wins":2
        }
    },
    {  
        "model":"nalcs.match",
        "pk":141,
        "fields":{  
            "team_1":2,
            "team_2":9,
            "week":6,
            "game_number":51,
            "best_of":3,
            "season":2,
            "team_1_wins":0,
            "team_2_wins":0
        }
    },
    {  
        "model":"nalcs.match",
        "pk":142,
        "fields":{  
            "team_1":3,
            "team_2":7,
            "week":6,
            "game_number":52,
            "best_of":3,
            "season":2,
            "team_1_wins":0,
            "team_2_wins":0
        }
    },
    {  
        "model":"nalcs.match",
        "pk":143,
        "fields":{  
            "team_1":5,
            "team_2":10,
            "week":6,
            "game_number":53,
            "best_of":3,
            "season":2,
            "team_1_wins":0,
            "team_2_wins":0
        }
    },
    {  
        "model":"nalcs.match",
        "pk":144,
        "fields":{  
            "team_1":2,
            "team_2":4,
            "week":6,
            "game_number":54,
            "best_of":3,
            "season":2,
            "team_1_wins":0,
            "team_2_wins":0
        }
    },
    {  
        "model":"nalcs.match",
        "pk":145,
        "fields":{  
            "team_1":1,
            "team_2":6,
            "week":6,
            "game_number":55,
            "best_of":3,
            "season":2,
            "team_1_wins":0,
            "team_2_wins":0
        }
    },
    {  
        "model":"nalcs.match",
        "pk":146,
        "fields":{  
            "team_1":8,
            "team_2":9,
            "week":6,
            "game_number":56,
            "best_of":3,
            "season":2,
            "team_1_wins":0,
            "team_2_wins":0
        }
    },
    {  
        "model":"nalcs.match",
        "pk":147,
        "fields":{  
            "team_1":1,
            "team_2":3,
            "week":6,
            "game_number":57,
            "best_of":3,
            "season":2,
            "team_1_wins":0,
            "team_2_wins":0
        }
    },
    {  
        "model":"nalcs.match",
        "pk":148,
        "fields":{  
            "team_1":4,
            "team_2":10,
            "week":6,
            "game_number":58,
            "best_of":3,
            "season":2,
            "team_1_wins":0,
            "team_2_wins":0
        }
    },
    {  
        "model":"nalcs.match",
        "pk":149,
        "fields":{  
            "team_1":5,
            "team_2":8,
            "week":6,
            "game_number":59,
            "best_of":3,
            "season":2,
            "team_1_wins":0,
            "team_2_wins":0
        }
    },
    {  
        "model":"nalcs.match",
        "pk":150,
        "fields":{  
            "team_1":7,
            "team_2":6,
            "week":6,
            "game_number":60,
            "best_of":3,
            "season":2,
            "team_1_wins":0,
            "team_2_wins":0
        }
    },
    {  
        "model":"nalcs.match",
        "pk":151,
        "fields":{  
            "team_1":1,
            "team_2":10,
            "week":7,
            "game_number":61,
            "best_of":3,
            "season":2,
            "team_1_wins":0,
            "team_2_wins":0
        }
    },
    {  
        "model":"nalcs.match",
        "pk":152,
        "fields":{  
            "team_1":8,
            "team_2":6,
            "week":7,
            "game_number":62,
            "best_of":3,
            "season":2,
            "team_1_wins":0,
            "team_2_wins":0
        }
    },
    {  
        "model":"nalcs.match",
        "pk":153,
        "fields":{  
            "team_1":5,
            "team_2":4,
            "week":7,
            "game_number":63,
            "best_of":3,
            "season":2,
            "team_1_wins":0,
            "team_2_wins":0
        }
    },
    {  
        "model":"nalcs.match",
        "pk":154,
        "fields":{  
            "team_1":2,
            "team_2":7,
            "week":7,
            "game_number":64,
            "best_of":3,
            "season":2,
            "team_1_wins":0,
            "team_2_wins":0
        }
    },
    {  
        "model":"nalcs.match",
        "pk":155,
        "fields":{  
            "team_1":9,
            "team_2":3,
            "week":7,
            "game_number":65,
            "best_of":3,
            "season":2,
            "team_1_wins":0,
            "team_2_wins":0
        }
    },
    {  
        "model":"nalcs.match",
        "pk":156,
        "fields":{  
            "team_1":10,
            "team_2":8,
            "week":7,
            "game_number":66,
            "best_of":3,
            "season":2,
            "team_1_wins":0,
            "team_2_wins":0
        }
    },
    {  
        "model":"nalcs.match",
        "pk":157,
        "fields":{  
            "team_1":4,
            "team_2":1,
            "week":7,
            "game_number":67,
            "best_of":3,
            "season":2,
            "team_1_wins":0,
            "team_2_wins":0
        }
    },
    {  
        "model":"nalcs.match",
        "pk":158,
        "fields":{  
            "team_1":7,
            "team_2":5,
            "week":7,
            "game_number":68,
            "best_of":3,
            "season":2,
            "team_1_wins":0,
            "team_2_wins":0
        }
    },
    {  
        "model":"nalcs.match",
        "pk":159,
        "fields":{  
            "team_1":2,
            "team_2":3,
            "week":7,
            "game_number":69,
            "best_of":3,
            "season":2,
            "team_1_wins":0,
            "team_2_wins":0
        }
    },
    {  
        "model":"nalcs.match",
        "pk":160,
        "fields":{  
            "team_1":6,
            "team_2":9,
            "week":7,
            "game_number":70,
            "best_of":3,
            "season":2,
            "team_1_wins":0,
            "team_2_wins":0
        }
    },
    {  
        "model":"nalcs.match",
        "pk":161,
        "fields":{  
            "team_1":10,
            "team_2":7,
            "week":8,
            "game_number":71,
            "best_of":3,
            "season":2,
            "team_1_wins":0,
            "team_2_wins":0
        }
    },
    {  
        "model":"nalcs.match",
        "pk":162,
        "fields":{  
            "team_1":8,
            "team_2":3,
            "week":8,
            "game_number":72,
            "best_of":3,
            "season":2,
            "team_1_wins":0,
            "team_2_wins":0
        }
    },
    {  
        "model":"nalcs.match",
        "pk":163,
        "fields":{  
            "team_1":9,
            "team_2":5,
            "week":8,
            "game_number":73,
            "best_of":3,
            "season":2,
            "team_1_wins":0,
            "team_2_wins":0
        }
    },
    {  
        "model":"nalcs.match",
        "pk":164,
        "fields":{  
            "team_1":6,
            "team_2":2,
            "week":8,
            "game_number":74,
            "best_of":3,
            "season":2,
            "team_1_wins":0,
            "team_2_wins":0
        }
    },
    {  
        "model":"nalcs.match",
        "pk":165,
        "fields":{  
            "team_1":4,
            "team_2":3,
            "week":8,
            "game_number":75,
            "best_of":3,
            "season":2,
            "team_1_wins":0,
            "team_2_wins":0
        }
    },
    {  
        "model":"nalcs.match",
        "pk":166,
        "fields":{  
            "team_1":8,
            "team_2":1,
            "week":8,
            "game_number":76,
            "best_of":3,
            "season":2,
            "team_1_wins":0,
            "team_2_wins":0
        }
    },
    {  
        "model":"nalcs.match",
        "pk":167,
        "fields":{  
            "team_1":1,
            "team_2":9,
            "week":8,
            "game_number":77,
            "best_of":3,
            "season":2,
            "team_1_wins":0,
            "team_2_wins":0
        }
    },
    {  
        "model":"nalcs.match",
        "pk":168,
        "fields":{  
            "team_1":2,
            "team_2":10,
            "week":8,
            "game_number":78,
            "best_of":3,
            "season":2,
            "team_1_wins":0,
            "team_2_wins":0
        }
    },
    {  
        "model":"nalcs.match",
        "pk":169,
        "fields":{  
            "team_1":5,
            "team_2":6,
            "week":8,
            "game_number":79,
            "best_of":3,
            "season":2,
            "team_1_wins":0,
            "team_2_wins":0
        }
    },
    {  
        "model":"nalcs.match",
        "pk":170,
        "fields":{  
            "team_1":7,
            "team_2":4,
            "week":8,
            "game_number":80,
            "best_of":3,
            "season":2,
            "team_1_wins":0,
            "team_2_wins":0
        }
    },
    {  
        "model":"nalcs.match",
        "pk":171,
        "fields":{  
            "team_1":6,
            "team_2":3,
            "week":9,
            "game_number":81,
            "best_of":3,
            "season":2,
            "team_1_wins":0,
            "team_2_wins":0
        }
    },
    {  
        "model":"nalcs.match",
        "pk":172,
        "fields":{  
            "team_1":4,
            "team_2":2,
            "week":9,
            "game_number":82,
            "best_of":3,
            "season":2,
            "team_1_wins":0,
            "team_2_wins":0
        }
    },
    {  
        "model":"nalcs.match",
        "pk":173,
        "fields":{  
            "team_1":10,
            "team_2":5,
            "week":9,
            "game_number":83,
            "best_of":3,
            "season":2,
            "team_1_wins":0,
            "team_2_wins":0
        }
    },
    {  
        "model":"nalcs.match",
        "pk":174,
        "fields":{  
            "team_1":6,
            "team_2":1,
            "week":9,
            "game_number":84,
            "best_of":3,
            "season":2,
            "team_1_wins":0,
            "team_2_wins":0
        }
    },
    {  
        "model":"nalcs.match",
        "pk":175,
        "fields":{  
            "team_1":7,
            "team_2":3,
            "week":9,
            "game_number":85,
            "best_of":3,
            "season":2,
            "team_1_wins":0,
            "team_2_wins":0
        }
    },
    {  
        "model":"nalcs.match",
        "pk":176,
        "fields":{  
            "team_1":9,
            "team_2":8,
            "week":9,
            "game_number":86,
            "best_of":3,
            "season":2,
            "team_1_wins":0,
            "team_2_wins":0
        }
    },
    {  
        "model":"nalcs.match",
        "pk":177,
        "fields":{  
            "team_1":1,
            "team_2":7,
            "week":9,
            "game_number":87,
            "best_of":3,
            "season":2,
            "team_1_wins":0,
            "team_2_wins":0
        }
    },
    {  
        "model":"nalcs.match",
        "pk":178,
        "fields":{  
            "team_1":8,
            "team_2":4,
            "week":9,
            "game_number":88,
            "best_of":3,
            "season":2,
            "team_1_wins":0,
            "team_2_wins":0
        }
    },
    {  
        "model":"nalcs.match",
        "pk":179,
        "fields":{  
            "team_1":5,
            "team_2":2,
            "week":9,
            "game_number":89,
            "best_of":3,
            "season":2,
            "team_1_wins":0,
            "team_2_wins":0
        }
    },
    {  
        "model":"nalcs.match",
        "pk":180,
        "fields":{  
            "team_1":9,
            "team_2":10,
            "week":9,
            "game_number":90,
            "best_of":3,
            "season":2,
            "team_1_wins":0,
            "team_2_wins":0
        }
    }
]