[
{
  "model": "nalcs.team",
  "pk": 1,
  "fields": {
    "name": "Cloud9",
    "spring_championship_points": 70
  }
},
{
  "model": "nalcs.team",
  "pk": 2,
  "fields": {
    "name": "Counter Logic Gaming",
    "spring_championship_points": 10
  }
},
{
  "model": "nalcs.team",
  "pk": 3,
  "fields": {
    "name": "Immortals",
    "spring_championship_points": 0
  }
},
{
  "model": "nalcs.team",
  "pk": 4,
  "fields": {
    "name": "Team Dignitas",
    "spring_championship_points": 10
  }
},
{
  "model": "nalcs.team",
  "pk": 5,
  "fields": {
    "name": "Team SoloMid",
    "spring_championship_points": 90
  }
},
{
  "model": "nalcs.team",
  "pk": 6,
  "fields": {
    "name": "Team Envy",
    "spring_championship_points": 0
  }
},
{
  "model": "nalcs.team",
  "pk": 7,
  "fields": {
    "name": "Echo Fox",
    "spring_championship_points": 0
  }
},
{
  "model": "nalcs.team",
  "pk": 8,
  "fields": {
    "name": "Team Liquid",
    "spring_championship_points": 0
  }
},
{
  "model": "nalcs.team",
  "pk": 9,
  "fields": {
    "name": "Flyquest",
    "spring_championship_points": 30
  }
},
{
  "model": "nalcs.team",
  "pk": 10,
  "fields": {
    "name": "Phoenix 1",
    "spring_championship_points": 50
  }
},
{
  "model": "nalcs.season",
  "pk": 6,
  "fields": {
    "name": "Spring 2017",
    "date": "2017-01-01"
  }
},
{
  "model": "nalcs.season",
  "pk": 7,
  "fields": {
    "name": "Summer 2017",
    "date": "2017-06-02"
  }
},
{
  "model": "nalcs.match",
  "pk": 631,
  "fields": {
    "team_1": 5,
    "team_2": 1,
    "week": 1,
    "game_number": 1,
    "date": "2017-01-01",
    "best_of": 3,
    "season": 6,
    "team_1_wins": 0,
    "team_2_wins": 2
  }
},
{
  "model": "nalcs.match",
  "pk": 632,
  "fields": {
    "team_1": 7,
    "team_2": 10,
    "week": 1,
    "game_number": 2,
    "date": "2017-01-01",
    "best_of": 3,
    "season": 6,
    "team_1_wins": 0,
    "team_2_wins": 2
  }
},
{
  "model": "nalcs.match",
  "pk": 633,
  "fields": {
    "team_1": 2,
    "team_2": 8,
    "week": 1,
    "game_number": 3,
    "date": "2017-01-02",
    "best_of": 3,
    "season": 6,
    "team_1_wins": 0,
    "team_2_wins": 2
  }
},
{
  "model": "nalcs.match",
  "pk": 634,
  "fields": {
    "team_1": 6,
    "team_2": 9,
    "week": 1,
    "game_number": 4,
    "date": "2017-01-02",
    "best_of": 3,
    "season": 6,
    "team_1_wins": 0,
    "team_2_wins": 2
  }
},
{
  "model": "nalcs.match",
  "pk": 635,
  "fields": {
    "team_1": 7,
    "team_2": 3,
    "week": 1,
    "game_number": 5,
    "date": "2017-01-02",
    "best_of": 3,
    "season": 6,
    "team_1_wins": 1,
    "team_2_wins": 2
  }
},
{
  "model": "nalcs.match",
  "pk": 636,
  "fields": {
    "team_1": 4,
    "team_2": 10,
    "week": 1,
    "game_number": 6,
    "date": "2017-01-02",
    "best_of": 3,
    "season": 6,
    "team_1_wins": 2,
    "team_2_wins": 1
  }
},
{
  "model": "nalcs.match",
  "pk": 637,
  "fields": {
    "team_1": 5,
    "team_2": 3,
    "week": 1,
    "game_number": 7,
    "date": "2017-01-03",
    "best_of": 3,
    "season": 6,
    "team_1_wins": 2,
    "team_2_wins": 1
  }
},
{
  "model": "nalcs.match",
  "pk": 638,
  "fields": {
    "team_1": 6,
    "team_2": 2,
    "week": 1,
    "game_number": 8,
    "date": "2017-01-03",
    "best_of": 3,
    "season": 6,
    "team_1_wins": 0,
    "team_2_wins": 2
  }
},
{
  "model": "nalcs.match",
  "pk": 639,
  "fields": {
    "team_1": 4,
    "team_2": 1,
    "week": 1,
    "game_number": 9,
    "date": "2017-01-03",
    "best_of": 3,
    "season": 6,
    "team_1_wins": 1,
    "team_2_wins": 2
  }
},
{
  "model": "nalcs.match",
  "pk": 640,
  "fields": {
    "team_1": 8,
    "team_2": 9,
    "week": 1,
    "game_number": 10,
    "date": "2017-01-03",
    "best_of": 3,
    "season": 6,
    "team_1_wins": 1,
    "team_2_wins": 2
  }
},
{
  "model": "nalcs.match",
  "pk": 641,
  "fields": {
    "team_1": 9,
    "team_2": 2,
    "week": 2,
    "game_number": 11,
    "date": "2017-01-08",
    "best_of": 3,
    "season": 6,
    "team_1_wins": 2,
    "team_2_wins": 0
  }
},
{
  "model": "nalcs.match",
  "pk": 642,
  "fields": {
    "team_1": 5,
    "team_2": 4,
    "week": 2,
    "game_number": 12,
    "date": "2017-01-08",
    "best_of": 3,
    "season": 6,
    "team_1_wins": 2,
    "team_2_wins": 1
  }
},
{
  "model": "nalcs.match",
  "pk": 643,
  "fields": {
    "team_1": 3,
    "team_2": 1,
    "week": 2,
    "game_number": 13,
    "date": "2017-01-09",
    "best_of": 3,
    "season": 6,
    "team_1_wins": 0,
    "team_2_wins": 2
  }
},
{
  "model": "nalcs.match",
  "pk": 644,
  "fields": {
    "team_1": 10,
    "team_2": 6,
    "week": 2,
    "game_number": 14,
    "date": "2017-01-09",
    "best_of": 3,
    "season": 6,
    "team_1_wins": 2,
    "team_2_wins": 0
  }
},
{
  "model": "nalcs.match",
  "pk": 645,
  "fields": {
    "team_1": 5,
    "team_2": 8,
    "week": 2,
    "game_number": 15,
    "date": "2017-01-09",
    "best_of": 3,
    "season": 6,
    "team_1_wins": 2,
    "team_2_wins": 1
  }
},
{
  "model": "nalcs.match",
  "pk": 646,
  "fields": {
    "team_1": 4,
    "team_2": 7,
    "week": 2,
    "game_number": 16,
    "date": "2017-01-09",
    "best_of": 3,
    "season": 6,
    "team_1_wins": 1,
    "team_2_wins": 2
  }
},
{
  "model": "nalcs.match",
  "pk": 647,
  "fields": {
    "team_1": 10,
    "team_2": 8,
    "week": 2,
    "game_number": 17,
    "date": "2017-01-10",
    "best_of": 3,
    "season": 6,
    "team_1_wins": 2,
    "team_2_wins": 0
  }
},
{
  "model": "nalcs.match",
  "pk": 648,
  "fields": {
    "team_1": 7,
    "team_2": 9,
    "week": 2,
    "game_number": 18,
    "date": "2017-01-10",
    "best_of": 3,
    "season": 6,
    "team_1_wins": 2,
    "team_2_wins": 1
  }
},
{
  "model": "nalcs.match",
  "pk": 649,
  "fields": {
    "team_1": 6,
    "team_2": 3,
    "week": 2,
    "game_number": 19,
    "date": "2017-01-10",
    "best_of": 3,
    "season": 6,
    "team_1_wins": 1,
    "team_2_wins": 2
  }
},
{
  "model": "nalcs.match",
  "pk": 650,
  "fields": {
    "team_1": 1,
    "team_2": 2,
    "week": 2,
    "game_number": 20,
    "date": "2017-01-10",
    "best_of": 3,
    "season": 6,
    "team_1_wins": 2,
    "team_2_wins": 1
  }
},
{
  "model": "nalcs.match",
  "pk": 651,
  "fields": {
    "team_1": 3,
    "team_2": 10,
    "week": 3,
    "game_number": 21,
    "date": "2017-01-15",
    "best_of": 3,
    "season": 6,
    "team_1_wins": 0,
    "team_2_wins": 2
  }
},
{
  "model": "nalcs.match",
  "pk": 652,
  "fields": {
    "team_1": 6,
    "team_2": 8,
    "week": 3,
    "game_number": 22,
    "date": "2017-01-15",
    "best_of": 3,
    "season": 6,
    "team_1_wins": 2,
    "team_2_wins": 0
  }
},
{
  "model": "nalcs.match",
  "pk": 653,
  "fields": {
    "team_1": 2,
    "team_2": 5,
    "week": 3,
    "game_number": 23,
    "date": "2017-01-16",
    "best_of": 3,
    "season": 6,
    "team_1_wins": 1,
    "team_2_wins": 2
  }
},
{
  "model": "nalcs.match",
  "pk": 654,
  "fields": {
    "team_1": 9,
    "team_2": 4,
    "week": 3,
    "game_number": 24,
    "date": "2017-01-16",
    "best_of": 3,
    "season": 6,
    "team_1_wins": 2,
    "team_2_wins": 0
  }
},
{
  "model": "nalcs.match",
  "pk": 655,
  "fields": {
    "team_1": 8,
    "team_2": 7,
    "week": 3,
    "game_number": 25,
    "date": "2017-01-16",
    "best_of": 3,
    "season": 6,
    "team_1_wins": 2,
    "team_2_wins": 1
  }
},
{
  "model": "nalcs.match",
  "pk": 656,
  "fields": {
    "team_1": 1,
    "team_2": 6,
    "week": 3,
    "game_number": 26,
    "date": "2017-01-16",
    "best_of": 3,
    "season": 6,
    "team_1_wins": 2,
    "team_2_wins": 0
  }
},
{
  "model": "nalcs.match",
  "pk": 657,
  "fields": {
    "team_1": 10,
    "team_2": 5,
    "week": 3,
    "game_number": 27,
    "date": "2017-01-17",
    "best_of": 3,
    "season": 6,
    "team_1_wins": 1,
    "team_2_wins": 2
  }
},
{
  "model": "nalcs.match",
  "pk": 658,
  "fields": {
    "team_1": 4,
    "team_2": 2,
    "week": 3,
    "game_number": 28,
    "date": "2017-01-17",
    "best_of": 3,
    "season": 6,
    "team_1_wins": 0,
    "team_2_wins": 2
  }
},
{
  "model": "nalcs.match",
  "pk": 659,
  "fields": {
    "team_1": 3,
    "team_2": 9,
    "week": 3,
    "game_number": 29,
    "date": "2017-01-17",
    "best_of": 3,
    "season": 6,
    "team_1_wins": 0,
    "team_2_wins": 2
  }
},
{
  "model": "nalcs.match",
  "pk": 660,
  "fields": {
    "team_1": 1,
    "team_2": 7,
    "week": 3,
    "game_number": 30,
    "date": "2017-01-17",
    "best_of": 3,
    "season": 6,
    "team_1_wins": 2,
    "team_2_wins": 0
  }
},
{
  "model": "nalcs.match",
  "pk": 661,
  "fields": {
    "team_1": 1,
    "team_2": 8,
    "week": 4,
    "game_number": 31,
    "date": "2017-01-22",
    "best_of": 3,
    "season": 6,
    "team_1_wins": 2,
    "team_2_wins": 1
  }
},
{
  "model": "nalcs.match",
  "pk": 662,
  "fields": {
    "team_1": 3,
    "team_2": 4,
    "week": 4,
    "game_number": 32,
    "date": "2017-01-22",
    "best_of": 3,
    "season": 6,
    "team_1_wins": 2,
    "team_2_wins": 0
  }
},
{
  "model": "nalcs.match",
  "pk": 663,
  "fields": {
    "team_1": 2,
    "team_2": 7,
    "week": 4,
    "game_number": 33,
    "date": "2017-01-23",
    "best_of": 3,
    "season": 6,
    "team_1_wins": 0,
    "team_2_wins": 2
  }
},
{
  "model": "nalcs.match",
  "pk": 664,
  "fields": {
    "team_1": 10,
    "team_2": 9,
    "week": 4,
    "game_number": 34,
    "date": "2017-01-23",
    "best_of": 3,
    "season": 6,
    "team_1_wins": 0,
    "team_2_wins": 2
  }
},
{
  "model": "nalcs.match",
  "pk": 665,
  "fields": {
    "team_1": 5,
    "team_2": 6,
    "week": 4,
    "game_number": 35,
    "date": "2017-01-23",
    "best_of": 3,
    "season": 6,
    "team_1_wins": 2,
    "team_2_wins": 0
  }
},
{
  "model": "nalcs.match",
  "pk": 666,
  "fields": {
    "team_1": 8,
    "team_2": 3,
    "week": 4,
    "game_number": 36,
    "date": "2017-01-23",
    "best_of": 3,
    "season": 6,
    "team_1_wins": 0,
    "team_2_wins": 2
  }
},
{
  "model": "nalcs.match",
  "pk": 667,
  "fields": {
    "team_1": 7,
    "team_2": 5,
    "week": 4,
    "game_number": 37,
    "date": "2017-01-24",
    "best_of": 3,
    "season": 6,
    "team_1_wins": 2,
    "team_2_wins": 0
  }
},
{
  "model": "nalcs.match",
  "pk": 668,
  "fields": {
    "team_1": 2,
    "team_2": 10,
    "week": 4,
    "game_number": 38,
    "date": "2017-01-24",
    "best_of": 3,
    "season": 6,
    "team_1_wins": 2,
    "team_2_wins": 1
  }
},
{
  "model": "nalcs.match",
  "pk": 669,
  "fields": {
    "team_1": 4,
    "team_2": 6,
    "week": 4,
    "game_number": 39,
    "date": "2017-01-24",
    "best_of": 3,
    "season": 6,
    "team_1_wins": 2,
    "team_2_wins": 0
  }
},
{
  "model": "nalcs.match",
  "pk": 670,
  "fields": {
    "team_1": 9,
    "team_2": 1,
    "week": 4,
    "game_number": 40,
    "date": "2017-01-24",
    "best_of": 3,
    "season": 6,
    "team_1_wins": 1,
    "team_2_wins": 2
  }
},
{
  "model": "nalcs.match",
  "pk": 671,
  "fields": {
    "team_1": 4,
    "team_2": 9,
    "week": 5,
    "game_number": 41,
    "date": "2017-01-29",
    "best_of": 3,
    "season": 6,
    "team_1_wins": 2,
    "team_2_wins": 0
  }
},
{
  "model": "nalcs.match",
  "pk": 672,
  "fields": {
    "team_1": 6,
    "team_2": 10,
    "week": 5,
    "game_number": 42,
    "date": "2017-01-29",
    "best_of": 3,
    "season": 6,
    "team_1_wins": 0,
    "team_2_wins": 2
  }
},
{
  "model": "nalcs.match",
  "pk": 673,
  "fields": {
    "team_1": 2,
    "team_2": 3,
    "week": 5,
    "game_number": 43,
    "date": "2017-01-30",
    "best_of": 3,
    "season": 6,
    "team_1_wins": 2,
    "team_2_wins": 1
  }
},
{
  "model": "nalcs.match",
  "pk": 674,
  "fields": {
    "team_1": 8,
    "team_2": 4,
    "week": 5,
    "game_number": 44,
    "date": "2017-01-30",
    "best_of": 3,
    "season": 6,
    "team_1_wins": 1,
    "team_2_wins": 2
  }
},
{
  "model": "nalcs.match",
  "pk": 675,
  "fields": {
    "team_1": 1,
    "team_2": 5,
    "week": 5,
    "game_number": 45,
    "date": "2017-01-30",
    "best_of": 3,
    "season": 6,
    "team_1_wins": 1,
    "team_2_wins": 2
  }
},
{
  "model": "nalcs.match",
  "pk": 676,
  "fields": {
    "team_1": 6,
    "team_2": 7,
    "week": 5,
    "game_number": 46,
    "date": "2017-01-30",
    "best_of": 3,
    "season": 6,
    "team_1_wins": 2,
    "team_2_wins": 0
  }
},
{
  "model": "nalcs.match",
  "pk": 677,
  "fields": {
    "team_1": 9,
    "team_2": 5,
    "week": 5,
    "game_number": 47,
    "date": "2017-01-31",
    "best_of": 3,
    "season": 6,
    "team_1_wins": 1,
    "team_2_wins": 2
  }
},
{
  "model": "nalcs.match",
  "pk": 678,
  "fields": {
    "team_1": 3,
    "team_2": 7,
    "week": 5,
    "game_number": 48,
    "date": "2017-01-31",
    "best_of": 3,
    "season": 6,
    "team_1_wins": 2,
    "team_2_wins": 0
  }
},
{
  "model": "nalcs.match",
  "pk": 679,
  "fields": {
    "team_1": 10,
    "team_2": 1,
    "week": 5,
    "game_number": 49,
    "date": "2017-01-31",
    "best_of": 3,
    "season": 6,
    "team_1_wins": 2,
    "team_2_wins": 0
  }
},
{
  "model": "nalcs.match",
  "pk": 680,
  "fields": {
    "team_1": 8,
    "team_2": 2,
    "week": 5,
    "game_number": 50,
    "date": "2017-01-31",
    "best_of": 3,
    "season": 6,
    "team_1_wins": 1,
    "team_2_wins": 2
  }
},
{
  "model": "nalcs.match",
  "pk": 681,
  "fields": {
    "team_1": 3,
    "team_2": 8,
    "week": 6,
    "game_number": 51,
    "date": "2017-02-12",
    "best_of": 3,
    "season": 6,
    "team_1_wins": 1,
    "team_2_wins": 2
  }
},
{
  "model": "nalcs.match",
  "pk": 682,
  "fields": {
    "team_1": 10,
    "team_2": 2,
    "week": 6,
    "game_number": 52,
    "date": "2017-02-12",
    "best_of": 3,
    "season": 6,
    "team_1_wins": 1,
    "team_2_wins": 2
  }
},
{
  "model": "nalcs.match",
  "pk": 683,
  "fields": {
    "team_1": 7,
    "team_2": 1,
    "week": 6,
    "game_number": 53,
    "date": "2017-02-13",
    "best_of": 3,
    "season": 6,
    "team_1_wins": 0,
    "team_2_wins": 2
  }
},
{
  "model": "nalcs.match",
  "pk": 684,
  "fields": {
    "team_1": 9,
    "team_2": 6,
    "week": 6,
    "game_number": 54,
    "date": "2017-02-13",
    "best_of": 3,
    "season": 6,
    "team_1_wins": 2,
    "team_2_wins": 1
  }
},
{
  "model": "nalcs.match",
  "pk": 685,
  "fields": {
    "team_1": 5,
    "team_2": 2,
    "week": 6,
    "game_number": 55,
    "date": "2017-02-13",
    "best_of": 3,
    "season": 6,
    "team_1_wins": 2,
    "team_2_wins": 0
  }
},
{
  "model": "nalcs.match",
  "pk": 686,
  "fields": {
    "team_1": 10,
    "team_2": 4,
    "week": 6,
    "game_number": 56,
    "date": "2017-02-13",
    "best_of": 3,
    "season": 6,
    "team_1_wins": 2,
    "team_2_wins": 1
  }
},
{
  "model": "nalcs.match",
  "pk": 687,
  "fields": {
    "team_1": 4,
    "team_2": 5,
    "week": 6,
    "game_number": 57,
    "date": "2017-02-14",
    "best_of": 3,
    "season": 6,
    "team_1_wins": 0,
    "team_2_wins": 2
  }
},
{
  "model": "nalcs.match",
  "pk": 688,
  "fields": {
    "team_1": 7,
    "team_2": 8,
    "week": 6,
    "game_number": 58,
    "date": "2017-02-14",
    "best_of": 3,
    "season": 6,
    "team_1_wins": 2,
    "team_2_wins": 1
  }
},
{
  "model": "nalcs.match",
  "pk": 689,
  "fields": {
    "team_1": 1,
    "team_2": 9,
    "week": 6,
    "game_number": 59,
    "date": "2017-02-14",
    "best_of": 3,
    "season": 6,
    "team_1_wins": 2,
    "team_2_wins": 0
  }
},
{
  "model": "nalcs.match",
  "pk": 690,
  "fields": {
    "team_1": 3,
    "team_2": 6,
    "week": 6,
    "game_number": 60,
    "date": "2017-02-14",
    "best_of": 3,
    "season": 6,
    "team_1_wins": 1,
    "team_2_wins": 2
  }
},
{
  "model": "nalcs.match",
  "pk": 691,
  "fields": {
    "team_1": 8,
    "team_2": 1,
    "week": 7,
    "game_number": 61,
    "date": "2017-02-19",
    "best_of": 3,
    "season": 6,
    "team_1_wins": 0,
    "team_2_wins": 2
  }
},
{
  "model": "nalcs.match",
  "pk": 692,
  "fields": {
    "team_1": 9,
    "team_2": 10,
    "week": 7,
    "game_number": 62,
    "date": "2017-02-19",
    "best_of": 3,
    "season": 6,
    "team_1_wins": 0,
    "team_2_wins": 2
  }
},
{
  "model": "nalcs.match",
  "pk": 693,
  "fields": {
    "team_1": 2,
    "team_2": 4,
    "week": 7,
    "game_number": 63,
    "date": "2017-02-20",
    "best_of": 3,
    "season": 6,
    "team_1_wins": 0,
    "team_2_wins": 2
  }
},
{
  "model": "nalcs.match",
  "pk": 694,
  "fields": {
    "team_1": 6,
    "team_2": 5,
    "week": 7,
    "game_number": 64,
    "date": "2017-02-20",
    "best_of": 3,
    "season": 6,
    "team_1_wins": 1,
    "team_2_wins": 2
  }
},
{
  "model": "nalcs.match",
  "pk": 695,
  "fields": {
    "team_1": 9,
    "team_2": 3,
    "week": 7,
    "game_number": 65,
    "date": "2017-02-20",
    "best_of": 3,
    "season": 6,
    "team_1_wins": 0,
    "team_2_wins": 2
  }
},
{
  "model": "nalcs.match",
  "pk": 696,
  "fields": {
    "team_1": 10,
    "team_2": 7,
    "week": 7,
    "game_number": 66,
    "date": "2017-02-20",
    "best_of": 3,
    "season": 6,
    "team_1_wins": 2,
    "team_2_wins": 0
  }
},
{
  "model": "nalcs.match",
  "pk": 697,
  "fields": {
    "team_1": 2,
    "team_2": 1,
    "week": 7,
    "game_number": 67,
    "date": "2017-02-21",
    "best_of": 3,
    "season": 6,
    "team_1_wins": 2,
    "team_2_wins": 1
  }
},
{
  "model": "nalcs.match",
  "pk": 698,
  "fields": {
    "team_1": 7,
    "team_2": 4,
    "week": 7,
    "game_number": 68,
    "date": "2017-02-21",
    "best_of": 3,
    "season": 6,
    "team_1_wins": 1,
    "team_2_wins": 2
  }
},
{
  "model": "nalcs.match",
  "pk": 699,
  "fields": {
    "team_1": 3,
    "team_2": 5,
    "week": 7,
    "game_number": 69,
    "date": "2017-02-21",
    "best_of": 3,
    "season": 6,
    "team_1_wins": 1,
    "team_2_wins": 2
  }
},
{
  "model": "nalcs.match",
  "pk": 700,
  "fields": {
    "team_1": 8,
    "team_2": 6,
    "week": 7,
    "game_number": 70,
    "date": "2017-02-21",
    "best_of": 3,
    "season": 6,
    "team_1_wins": 2,
    "team_2_wins": 1
  }
},
{
  "model": "nalcs.match",
  "pk": 701,
  "fields": {
    "team_1": 4,
    "team_2": 8,
    "week": 8,
    "game_number": 71,
    "date": "2017-02-26",
    "best_of": 3,
    "season": 6,
    "team_1_wins": 2,
    "team_2_wins": 0
  }
},
{
  "model": "nalcs.match",
  "pk": 702,
  "fields": {
    "team_1": 7,
    "team_2": 2,
    "week": 8,
    "game_number": 72,
    "date": "2017-02-26",
    "best_of": 3,
    "season": 6,
    "team_1_wins": 0,
    "team_2_wins": 2
  }
},
{
  "model": "nalcs.match",
  "pk": 703,
  "fields": {
    "team_1": 1,
    "team_2": 3,
    "week": 8,
    "game_number": 73,
    "date": "2017-02-27",
    "best_of": 3,
    "season": 6,
    "team_1_wins": 1,
    "team_2_wins": 2
  }
},
{
  "model": "nalcs.match",
  "pk": 704,
  "fields": {
    "team_1": 6,
    "team_2": 4,
    "week": 8,
    "game_number": 74,
    "date": "2017-02-27",
    "best_of": 3,
    "season": 6,
    "team_1_wins": 1,
    "team_2_wins": 2
  }
},
{
  "model": "nalcs.match",
  "pk": 705,
  "fields": {
    "team_1": 5,
    "team_2": 9,
    "week": 8,
    "game_number": 75,
    "date": "2017-02-27",
    "best_of": 3,
    "season": 6,
    "team_1_wins": 2,
    "team_2_wins": 1
  }
},
{
  "model": "nalcs.match",
  "pk": 706,
  "fields": {
    "team_1": 8,
    "team_2": 10,
    "week": 8,
    "game_number": 76,
    "date": "2017-02-27",
    "best_of": 3,
    "season": 6,
    "team_1_wins": 0,
    "team_2_wins": 2
  }
},
{
  "model": "nalcs.match",
  "pk": 707,
  "fields": {
    "team_1": 5,
    "team_2": 7,
    "week": 8,
    "game_number": 77,
    "date": "2017-02-28",
    "best_of": 3,
    "season": 6,
    "team_1_wins": 2,
    "team_2_wins": 0
  }
},
{
  "model": "nalcs.match",
  "pk": 708,
  "fields": {
    "team_1": 10,
    "team_2": 3,
    "week": 8,
    "game_number": 78,
    "date": "2017-02-28",
    "best_of": 3,
    "season": 6,
    "team_1_wins": 2,
    "team_2_wins": 0
  }
},
{
  "model": "nalcs.match",
  "pk": 709,
  "fields": {
    "team_1": 2,
    "team_2": 9,
    "week": 8,
    "game_number": 79,
    "date": "2017-02-28",
    "best_of": 3,
    "season": 6,
    "team_1_wins": 2,
    "team_2_wins": 0
  }
},
{
  "model": "nalcs.match",
  "pk": 710,
  "fields": {
    "team_1": 6,
    "team_2": 1,
    "week": 8,
    "game_number": 80,
    "date": "2017-02-28",
    "best_of": 3,
    "season": 6,
    "team_1_wins": 1,
    "team_2_wins": 2
  }
},
{
  "model": "nalcs.match",
  "pk": 711,
  "fields": {
    "team_1": 1,
    "team_2": 4,
    "week": 9,
    "game_number": 81,
    "date": "2017-03-05",
    "best_of": 3,
    "season": 6,
    "team_1_wins": 2,
    "team_2_wins": 0
  }
},
{
  "model": "nalcs.match",
  "pk": 712,
  "fields": {
    "team_1": 9,
    "team_2": 7,
    "week": 9,
    "game_number": 82,
    "date": "2017-03-05",
    "best_of": 3,
    "season": 6,
    "team_1_wins": 2,
    "team_2_wins": 0
  }
},
{
  "model": "nalcs.match",
  "pk": 713,
  "fields": {
    "team_1": 3,
    "team_2": 2,
    "week": 9,
    "game_number": 83,
    "date": "2017-03-06",
    "best_of": 3,
    "season": 6,
    "team_1_wins": 2,
    "team_2_wins": 0
  }
},
{
  "model": "nalcs.match",
  "pk": 714,
  "fields": {
    "team_1": 8,
    "team_2": 5,
    "week": 9,
    "game_number": 84,
    "date": "2017-03-06",
    "best_of": 3,
    "season": 6,
    "team_1_wins": 2,
    "team_2_wins": 1
  }
},
{
  "model": "nalcs.match",
  "pk": 715,
  "fields": {
    "team_1": 1,
    "team_2": 10,
    "week": 9,
    "game_number": 85,
    "date": "2017-03-06",
    "best_of": 3,
    "season": 6,
    "team_1_wins": 2,
    "team_2_wins": 0
  }
},
{
  "model": "nalcs.match",
  "pk": 716,
  "fields": {
    "team_1": 7,
    "team_2": 6,
    "week": 9,
    "game_number": 86,
    "date": "2017-03-06",
    "best_of": 3,
    "season": 6,
    "team_1_wins": 2,
    "team_2_wins": 1
  }
},
{
  "model": "nalcs.match",
  "pk": 717,
  "fields": {
    "team_1": 5,
    "team_2": 10,
    "week": 9,
    "game_number": 87,
    "date": "2017-03-07",
    "best_of": 3,
    "season": 6,
    "team_1_wins": 2,
    "team_2_wins": 0
  }
},
{
  "model": "nalcs.match",
  "pk": 718,
  "fields": {
    "team_1": 4,
    "team_2": 3,
    "week": 9,
    "game_number": 88,
    "date": "2017-03-07",
    "best_of": 3,
    "season": 6,
    "team_1_wins": 2,
    "team_2_wins": 0
  }
},
{
  "model": "nalcs.match",
  "pk": 719,
  "fields": {
    "team_1": 9,
    "team_2": 8,
    "week": 9,
    "game_number": 89,
    "date": "2017-03-07",
    "best_of": 3,
    "season": 6,
    "team_1_wins": 2,
    "team_2_wins": 1
  }
},
{
  "model": "nalcs.match",
  "pk": 720,
  "fields": {
    "team_1": 2,
    "team_2": 6,
    "week": 9,
    "game_number": 90,
    "date": "2017-03-07",
    "best_of": 3,
    "season": 6,
    "team_1_wins": 2,
    "team_2_wins": 1
  }
},
{
  "model": "nalcs.match",
  "pk": 721,
  "fields": {
    "team_1": 1,
    "team_2": 2,
    "week": 1,
    "game_number": 1,
    "date": "2017-06-02",
    "best_of": 3,
    "season": 7,
    "team_1_wins": 1,
    "team_2_wins": 2
  }
},
{
  "model": "nalcs.match",
  "pk": 722,
  "fields": {
    "team_1": 3,
    "team_2": 10,
    "week": 1,
    "game_number": 2,
    "date": "2017-06-02",
    "best_of": 3,
    "season": 7,
    "team_1_wins": 2,
    "team_2_wins": 1
  }
},
{
  "model": "nalcs.match",
  "pk": 723,
  "fields": {
    "team_1": 2,
    "team_2": 8,
    "week": 1,
    "game_number": 3,
    "date": "2017-06-03",
    "best_of": 3,
    "season": 7,
    "team_1_wins": 2,
    "team_2_wins": 0
  }
},
{
  "model": "nalcs.match",
  "pk": 724,
  "fields": {
    "team_1": 7,
    "team_2": 9,
    "week": 1,
    "game_number": 4,
    "date": "2017-06-03",
    "best_of": 3,
    "season": 7,
    "team_1_wins": 2,
    "team_2_wins": 0
  }
},
{
  "model": "nalcs.match",
  "pk": 725,
  "fields": {
    "team_1": 5,
    "team_2": 1,
    "week": 1,
    "game_number": 5,
    "date": "2017-06-03",
    "best_of": 3,
    "season": 7,
    "team_1_wins": 2,
    "team_2_wins": 0
  }
},
{
  "model": "nalcs.match",
  "pk": 726,
  "fields": {
    "team_1": 4,
    "team_2": 6,
    "week": 1,
    "game_number": 6,
    "date": "2017-06-03",
    "best_of": 3,
    "season": 7,
    "team_1_wins": 2,
    "team_2_wins": 1
  }
},
{
  "model": "nalcs.match",
  "pk": 727,
  "fields": {
    "team_1": 3,
    "team_2": 5,
    "week": 1,
    "game_number": 7,
    "date": "2017-06-04",
    "best_of": 3,
    "season": 7,
    "team_1_wins": 2,
    "team_2_wins": 0
  }
},
{
  "model": "nalcs.match",
  "pk": 728,
  "fields": {
    "team_1": 6,
    "team_2": 10,
    "week": 1,
    "game_number": 8,
    "date": "2017-06-04",
    "best_of": 3,
    "season": 7,
    "team_1_wins": 2,
    "team_2_wins": 0
  }
},
{
  "model": "nalcs.match",
  "pk": 729,
  "fields": {
    "team_1": 9,
    "team_2": 4,
    "week": 1,
    "game_number": 9,
    "date": "2017-06-04",
    "best_of": 3,
    "season": 7,
    "team_1_wins": 0,
    "team_2_wins": 2
  }
},
{
  "model": "nalcs.match",
  "pk": 730,
  "fields": {
    "team_1": 8,
    "team_2": 7,
    "week": 1,
    "game_number": 10,
    "date": "2017-06-04",
    "best_of": 3,
    "season": 7,
    "team_1_wins": 0,
    "team_2_wins": 2
  }
},
{
  "model": "nalcs.match",
  "pk": 731,
  "fields": {
    "team_1": 10,
    "team_2": 1,
    "week": 2,
    "game_number": 11,
    "date": "2017-06-09",
    "best_of": 3,
    "season": 7,
    "team_1_wins": 0,
    "team_2_wins": 2
  }
},
{
  "model": "nalcs.match",
  "pk": 732,
  "fields": {
    "team_1": 3,
    "team_2": 6,
    "week": 2,
    "game_number": 12,
    "date": "2017-06-09",
    "best_of": 3,
    "season": 7,
    "team_1_wins": 0,
    "team_2_wins": 2
  }
},
{
  "model": "nalcs.match",
  "pk": 733,
  "fields": {
    "team_1": 4,
    "team_2": 5,
    "week": 2,
    "game_number": 13,
    "date": "2017-06-10",
    "best_of": 3,
    "season": 7,
    "team_1_wins": 2,
    "team_2_wins": 1
  }
},
{
  "model": "nalcs.match",
  "pk": 734,
  "fields": {
    "team_1": 7,
    "team_2": 2,
    "week": 2,
    "game_number": 14,
    "date": "2017-06-10",
    "best_of": 3,
    "season": 7,
    "team_1_wins": 1,
    "team_2_wins": 2
  }
},
{
  "model": "nalcs.match",
  "pk": 735,
  "fields": {
    "team_1": 3,
    "team_2": 9,
    "week": 2,
    "game_number": 15,
    "date": "2017-06-10",
    "best_of": 3,
    "season": 7,
    "team_1_wins": 2,
    "team_2_wins": 1
  }
},
{
  "model": "nalcs.match",
  "pk": 736,
  "fields": {
    "team_1": 6,
    "team_2": 8,
    "week": 2,
    "game_number": 16,
    "date": "2017-06-10",
    "best_of": 3,
    "season": 7,
    "team_1_wins": 2,
    "team_2_wins": 1
  }
},
{
  "model": "nalcs.match",
  "pk": 737,
  "fields": {
    "team_1": 7,
    "team_2": 1,
    "week": 2,
    "game_number": 17,
    "date": "2017-06-11",
    "best_of": 3,
    "season": 7,
    "team_1_wins": 0,
    "team_2_wins": 2
  }
},
{
  "model": "nalcs.match",
  "pk": 738,
  "fields": {
    "team_1": 4,
    "team_2": 8,
    "week": 2,
    "game_number": 18,
    "date": "2017-06-11",
    "best_of": 3,
    "season": 7,
    "team_1_wins": 1,
    "team_2_wins": 2
  }
},
{
  "model": "nalcs.match",
  "pk": 739,
  "fields": {
    "team_1": 2,
    "team_2": 5,
    "week": 2,
    "game_number": 19,
    "date": "2017-06-11",
    "best_of": 3,
    "season": 7,
    "team_1_wins": 1,
    "team_2_wins": 2
  }
},
{
  "model": "nalcs.match",
  "pk": 740,
  "fields": {
    "team_1": 10,
    "team_2": 9,
    "week": 2,
    "game_number": 20,
    "date": "2017-06-11",
    "best_of": 3,
    "season": 7,
    "team_1_wins": 0,
    "team_2_wins": 2
  }
},
{
  "model": "nalcs.match",
  "pk": 741,
  "fields": {
    "team_1": 3,
    "team_2": 8,
    "week": 3,
    "game_number": 21,
    "date": "2017-06-16",
    "best_of": 3,
    "season": 7,
    "team_1_wins": 2,
    "team_2_wins": 0
  }
},
{
  "model": "nalcs.match",
  "pk": 742,
  "fields": {
    "team_1": 6,
    "team_2": 7,
    "week": 3,
    "game_number": 22,
    "date": "2017-06-16",
    "best_of": 3,
    "season": 7,
    "team_1_wins": 0,
    "team_2_wins": 2
  }
},
{
  "model": "nalcs.match",
  "pk": 743,
  "fields": {
    "team_1": 8,
    "team_2": 5,
    "week": 3,
    "game_number": 23,
    "date": "2017-06-17",
    "best_of": 3,
    "season": 7,
    "team_1_wins": 0,
    "team_2_wins": 2
  }
},
{
  "model": "nalcs.match",
  "pk": 744,
  "fields": {
    "team_1": 3,
    "team_2": 1,
    "week": 3,
    "game_number": 24,
    "date": "2017-06-17",
    "best_of": 3,
    "season": 7,
    "team_1_wins": 2,
    "team_2_wins": 1
  }
},
{
  "model": "nalcs.match",
  "pk": 745,
  "fields": {
    "team_1": 9,
    "team_2": 2,
    "week": 3,
    "game_number": 25,
    "date": "2017-06-17",
    "best_of": 3,
    "season": 7,
    "team_1_wins": 1,
    "team_2_wins": 2
  }
},
{
  "model": "nalcs.match",
  "pk": 746,
  "fields": {
    "team_1": 10,
    "team_2": 4,
    "week": 3,
    "game_number": 26,
    "date": "2017-06-17",
    "best_of": 3,
    "season": 7,
    "team_1_wins": 1,
    "team_2_wins": 2
  }
},
{
  "model": "nalcs.match",
  "pk": 747,
  "fields": {
    "team_1": 6,
    "team_2": 5,
    "week": 3,
    "game_number": 27,
    "date": "2017-06-18",
    "best_of": 3,
    "season": 7,
    "team_1_wins": 0,
    "team_2_wins": 2
  }
},
{
  "model": "nalcs.match",
  "pk": 748,
  "fields": {
    "team_1": 10,
    "team_2": 2,
    "week": 3,
    "game_number": 28,
    "date": "2017-06-18",
    "best_of": 3,
    "season": 7,
    "team_1_wins": 1,
    "team_2_wins": 2
  }
},
{
  "model": "nalcs.match",
  "pk": 749,
  "fields": {
    "team_1": 9,
    "team_2": 1,
    "week": 3,
    "game_number": 29,
    "date": "2017-06-18",
    "best_of": 3,
    "season": 7,
    "team_1_wins": 0,
    "team_2_wins": 2
  }
},
{
  "model": "nalcs.match",
  "pk": 750,
  "fields": {
    "team_1": 4,
    "team_2": 7,
    "week": 3,
    "game_number": 30,
    "date": "2017-06-18",
    "best_of": 3,
    "season": 7,
    "team_1_wins": 2,
    "team_2_wins": 1
  }
},
{
  "model": "nalcs.match",
  "pk": 751,
  "fields": {
    "team_1": 3,
    "team_2": 2,
    "week": 4,
    "game_number": 31,
    "date": "2017-06-23",
    "best_of": 3,
    "season": 7,
    "team_1_wins": 2,
    "team_2_wins": 0
  }
},
{
  "model": "nalcs.match",
  "pk": 752,
  "fields": {
    "team_1": 7,
    "team_2": 10,
    "week": 4,
    "game_number": 32,
    "date": "2017-06-23",
    "best_of": 3,
    "season": 7,
    "team_1_wins": 0,
    "team_2_wins": 2
  }
},
{
  "model": "nalcs.match",
  "pk": 753,
  "fields": {
    "team_1": 5,
    "team_2": 9,
    "week": 4,
    "game_number": 33,
    "date": "2017-06-24",
    "best_of": 3,
    "season": 7,
    "team_1_wins": 2,
    "team_2_wins": 0
  }
},
{
  "model": "nalcs.match",
  "pk": 754,
  "fields": {
    "team_1": 2,
    "team_2": 6,
    "week": 4,
    "game_number": 34,
    "date": "2017-06-24",
    "best_of": 3,
    "season": 7,
    "team_1_wins": 2,
    "team_2_wins": 1
  }
},
{
  "model": "nalcs.match",
  "pk": 755,
  "fields": {
    "team_1": 1,
    "team_2": 8,
    "week": 4,
    "game_number": 35,
    "date": "2017-06-24",
    "best_of": 3,
    "season": 7,
    "team_1_wins": 2,
    "team_2_wins": 0
  }
},
{
  "model": "nalcs.match",
  "pk": 756,
  "fields": {
    "team_1": 3,
    "team_2": 4,
    "week": 4,
    "game_number": 36,
    "date": "2017-06-24",
    "best_of": 3,
    "season": 7,
    "team_1_wins": 2,
    "team_2_wins": 1
  }
},
{
  "model": "nalcs.match",
  "pk": 757,
  "fields": {
    "team_1": 5,
    "team_2": 7,
    "week": 4,
    "game_number": 37,
    "date": "2017-06-25",
    "best_of": 3,
    "season": 7,
    "team_1_wins": 2,
    "team_2_wins": 0
  }
},
{
  "model": "nalcs.match",
  "pk": 758,
  "fields": {
    "team_1": 8,
    "team_2": 10,
    "week": 4,
    "game_number": 38,
    "date": "2017-06-25",
    "best_of": 3,
    "season": 7,
    "team_1_wins": 2,
    "team_2_wins": 1
  }
},
{
  "model": "nalcs.match",
  "pk": 759,
  "fields": {
    "team_1": 1,
    "team_2": 4,
    "week": 4,
    "game_number": 39,
    "date": "2017-06-25",
    "best_of": 3,
    "season": 7,
    "team_1_wins": 2,
    "team_2_wins": 1
  }
},
{
  "model": "nalcs.match",
  "pk": 760,
  "fields": {
    "team_1": 9,
    "team_2": 6,
    "week": 4,
    "game_number": 40,
    "date": "2017-06-25",
    "best_of": 3,
    "season": 7,
    "team_1_wins": 1,
    "team_2_wins": 2
  }
},
{
  "model": "nalcs.match",
  "pk": 761,
  "fields": {
    "team_1": 1,
    "team_2": 5,
    "week": 5,
    "game_number": 41,
    "date": "2017-06-30",
    "best_of": 3,
    "season": 7,
    "team_1_wins": 2,
    "team_2_wins": 1
  }
},
{
  "model": "nalcs.match",
  "pk": 762,
  "fields": {
    "team_1": 10,
    "team_2": 6,
    "week": 5,
    "game_number": 42,
    "date": "2017-06-30",
    "best_of": 3,
    "season": 7,
    "team_1_wins": 2,
    "team_2_wins": 1
  }
},
{
  "model": "nalcs.match",
  "pk": 763,
  "fields": {
    "team_1": 5,
    "team_2": 3,
    "week": 5,
    "game_number": 43,
    "date": "2017-07-01",
    "best_of": 3,
    "season": 7,
    "team_1_wins": 2,
    "team_2_wins": 0
  }
},
{
  "model": "nalcs.match",
  "pk": 764,
  "fields": {
    "team_1": 2,
    "team_2": 1,
    "week": 5,
    "game_number": 44,
    "date": "2017-07-01",
    "best_of": 3,
    "season": 7,
    "team_1_wins": 2,
    "team_2_wins": 1
  }
},
{
  "model": "nalcs.match",
  "pk": 765,
  "fields": {
    "team_1": 4,
    "team_2": 9,
    "week": 5,
    "game_number": 45,
    "date": "2017-07-01",
    "best_of": 3,
    "season": 7,
    "team_1_wins": 1,
    "team_2_wins": 2
  }
},
{
  "model": "nalcs.match",
  "pk": 766,
  "fields": {
    "team_1": 7,
    "team_2": 8,
    "week": 5,
    "game_number": 46,
    "date": "2017-07-01",
    "best_of": 3,
    "season": 7,
    "team_1_wins": 2,
    "team_2_wins": 1
  }
},
{
  "model": "nalcs.match",
  "pk": 767,
  "fields": {
    "team_1": 10,
    "team_2": 3,
    "week": 5,
    "game_number": 47,
    "date": "2017-07-02",
    "best_of": 3,
    "season": 7,
    "team_1_wins": 2,
    "team_2_wins": 1
  }
},
{
  "model": "nalcs.match",
  "pk": 768,
  "fields": {
    "team_1": 9,
    "team_2": 7,
    "week": 5,
    "game_number": 48,
    "date": "2017-07-02",
    "best_of": 3,
    "season": 7,
    "team_1_wins": 2,
    "team_2_wins": 1
  }
},
{
  "model": "nalcs.match",
  "pk": 769,
  "fields": {
    "team_1": 6,
    "team_2": 4,
    "week": 5,
    "game_number": 49,
    "date": "2017-07-02",
    "best_of": 3,
    "season": 7,
    "team_1_wins": 2,
    "team_2_wins": 1
  }
},
{
  "model": "nalcs.match",
  "pk": 770,
  "fields": {
    "team_1": 8,
    "team_2": 2,
    "week": 5,
    "game_number": 50,
    "date": "2017-07-02",
    "best_of": 3,
    "season": 7,
    "team_1_wins": 0,
    "team_2_wins": 2
  }
},
{
  "model": "nalcs.match",
  "pk": 771,
  "fields": {
    "team_1": 2,
    "team_2": 9,
    "week": 6,
    "game_number": 51,
    "date": "2017-07-14",
    "best_of": 3,
    "season": 7,
    "team_1_wins": 2,
    "team_2_wins": 0
  }
},
{
  "model": "nalcs.match",
  "pk": 772,
  "fields": {
    "team_1": 3,
    "team_2": 7,
    "week": 6,
    "game_number": 52,
    "date": "2017-07-14",
    "best_of": 3,
    "season": 7,
    "team_1_wins": 2,
    "team_2_wins": 0
  }
},
{
  "model": "nalcs.match",
  "pk": 773,
  "fields": {
    "team_1": 5,
    "team_2": 10,
    "week": 6,
    "game_number": 53,
    "date": "2017-07-15",
    "best_of": 3,
    "season": 7,
    "team_1_wins": 2,
    "team_2_wins": 0
  }
},
{
  "model": "nalcs.match",
  "pk": 774,
  "fields": {
    "team_1": 2,
    "team_2": 4,
    "week": 6,
    "game_number": 54,
    "date": "2017-07-15",
    "best_of": 3,
    "season": 7,
    "team_1_wins": 0,
    "team_2_wins": 0
  }
},
{
  "model": "nalcs.match",
  "pk": 775,
  "fields": {
    "team_1": 1,
    "team_2": 6,
    "week": 6,
    "game_number": 55,
    "date": "2017-07-15",
    "best_of": 3,
    "season": 7,
    "team_1_wins": 0,
    "team_2_wins": 0
  }
},
{
  "model": "nalcs.match",
  "pk": 776,
  "fields": {
    "team_1": 8,
    "team_2": 9,
    "week": 6,
    "game_number": 56,
    "date": "2017-07-15",
    "best_of": 3,
    "season": 7,
    "team_1_wins": 0,
    "team_2_wins": 0
  }
},
{
  "model": "nalcs.match",
  "pk": 777,
  "fields": {
    "team_1": 1,
    "team_2": 3,
    "week": 6,
    "game_number": 57,
    "date": "2017-07-16",
    "best_of": 3,
    "season": 7,
    "team_1_wins": 0,
    "team_2_wins": 0
  }
},
{
  "model": "nalcs.match",
  "pk": 778,
  "fields": {
    "team_1": 4,
    "team_2": 10,
    "week": 6,
    "game_number": 58,
    "date": "2017-07-16",
    "best_of": 3,
    "season": 7,
    "team_1_wins": 0,
    "team_2_wins": 0
  }
},
{
  "model": "nalcs.match",
  "pk": 779,
  "fields": {
    "team_1": 5,
    "team_2": 8,
    "week": 6,
    "game_number": 59,
    "date": "2017-07-16",
    "best_of": 3,
    "season": 7,
    "team_1_wins": 0,
    "team_2_wins": 0
  }
},
{
  "model": "nalcs.match",
  "pk": 780,
  "fields": {
    "team_1": 7,
    "team_2": 6,
    "week": 6,
    "game_number": 60,
    "date": "2017-07-16",
    "best_of": 3,
    "season": 7,
    "team_1_wins": 0,
    "team_2_wins": 0
  }
},
{
  "model": "nalcs.match",
  "pk": 781,
  "fields": {
    "team_1": 1,
    "team_2": 10,
    "week": 7,
    "game_number": 61,
    "date": "2017-07-21",
    "best_of": 3,
    "season": 7,
    "team_1_wins": 0,
    "team_2_wins": 0
  }
},
{
  "model": "nalcs.match",
  "pk": 782,
  "fields": {
    "team_1": 8,
    "team_2": 6,
    "week": 7,
    "game_number": 62,
    "date": "2017-07-21",
    "best_of": 3,
    "season": 7,
    "team_1_wins": 0,
    "team_2_wins": 0
  }
},
{
  "model": "nalcs.match",
  "pk": 783,
  "fields": {
    "team_1": 5,
    "team_2": 4,
    "week": 7,
    "game_number": 63,
    "date": "2017-07-22",
    "best_of": 3,
    "season": 7,
    "team_1_wins": 0,
    "team_2_wins": 0
  }
},
{
  "model": "nalcs.match",
  "pk": 784,
  "fields": {
    "team_1": 2,
    "team_2": 7,
    "week": 7,
    "game_number": 64,
    "date": "2017-07-22",
    "best_of": 3,
    "season": 7,
    "team_1_wins": 0,
    "team_2_wins": 0
  }
},
{
  "model": "nalcs.match",
  "pk": 785,
  "fields": {
    "team_1": 9,
    "team_2": 3,
    "week": 7,
    "game_number": 65,
    "date": "2017-07-22",
    "best_of": 3,
    "season": 7,
    "team_1_wins": 0,
    "team_2_wins": 0
  }
},
{
  "model": "nalcs.match",
  "pk": 786,
  "fields": {
    "team_1": 10,
    "team_2": 8,
    "week": 7,
    "game_number": 66,
    "date": "2017-07-22",
    "best_of": 3,
    "season": 7,
    "team_1_wins": 0,
    "team_2_wins": 0
  }
},
{
  "model": "nalcs.match",
  "pk": 787,
  "fields": {
    "team_1": 4,
    "team_2": 1,
    "week": 7,
    "game_number": 67,
    "date": "2017-07-23",
    "best_of": 3,
    "season": 7,
    "team_1_wins": 0,
    "team_2_wins": 0
  }
},
{
  "model": "nalcs.match",
  "pk": 788,
  "fields": {
    "team_1": 7,
    "team_2": 5,
    "week": 7,
    "game_number": 68,
    "date": "2017-07-23",
    "best_of": 3,
    "season": 7,
    "team_1_wins": 0,
    "team_2_wins": 0
  }
},
{
  "model": "nalcs.match",
  "pk": 789,
  "fields": {
    "team_1": 2,
    "team_2": 3,
    "week": 7,
    "game_number": 69,
    "date": "2017-07-23",
    "best_of": 3,
    "season": 7,
    "team_1_wins": 0,
    "team_2_wins": 0
  }
},
{
  "model": "nalcs.match",
  "pk": 790,
  "fields": {
    "team_1": 6,
    "team_2": 9,
    "week": 7,
    "game_number": 70,
    "date": "2017-07-23",
    "best_of": 3,
    "season": 7,
    "team_1_wins": 0,
    "team_2_wins": 0
  }
},
{
  "model": "nalcs.match",
  "pk": 791,
  "fields": {
    "team_1": 10,
    "team_2": 7,
    "week": 8,
    "game_number": 71,
    "date": "2017-07-28",
    "best_of": 3,
    "season": 7,
    "team_1_wins": 0,
    "team_2_wins": 0
  }
},
{
  "model": "nalcs.match",
  "pk": 792,
  "fields": {
    "team_1": 8,
    "team_2": 3,
    "week": 8,
    "game_number": 72,
    "date": "2017-07-28",
    "best_of": 3,
    "season": 7,
    "team_1_wins": 0,
    "team_2_wins": 0
  }
},
{
  "model": "nalcs.match",
  "pk": 793,
  "fields": {
    "team_1": 9,
    "team_2": 5,
    "week": 8,
    "game_number": 73,
    "date": "2017-07-29",
    "best_of": 3,
    "season": 7,
    "team_1_wins": 0,
    "team_2_wins": 0
  }
},
{
  "model": "nalcs.match",
  "pk": 794,
  "fields": {
    "team_1": 6,
    "team_2": 2,
    "week": 8,
    "game_number": 74,
    "date": "2017-07-29",
    "best_of": 3,
    "season": 7,
    "team_1_wins": 0,
    "team_2_wins": 0
  }
},
{
  "model": "nalcs.match",
  "pk": 795,
  "fields": {
    "team_1": 4,
    "team_2": 3,
    "week": 8,
    "game_number": 75,
    "date": "2017-07-29",
    "best_of": 3,
    "season": 7,
    "team_1_wins": 0,
    "team_2_wins": 0
  }
},
{
  "model": "nalcs.match",
  "pk": 796,
  "fields": {
    "team_1": 8,
    "team_2": 1,
    "week": 8,
    "game_number": 76,
    "date": "2017-07-29",
    "best_of": 3,
    "season": 7,
    "team_1_wins": 0,
    "team_2_wins": 0
  }
},
{
  "model": "nalcs.match",
  "pk": 797,
  "fields": {
    "team_1": 1,
    "team_2": 9,
    "week": 8,
    "game_number": 77,
    "date": "2017-07-30",
    "best_of": 3,
    "season": 7,
    "team_1_wins": 0,
    "team_2_wins": 0
  }
},
{
  "model": "nalcs.match",
  "pk": 798,
  "fields": {
    "team_1": 2,
    "team_2": 10,
    "week": 8,
    "game_number": 78,
    "date": "2017-07-30",
    "best_of": 3,
    "season": 7,
    "team_1_wins": 0,
    "team_2_wins": 0
  }
},
{
  "model": "nalcs.match",
  "pk": 799,
  "fields": {
    "team_1": 5,
    "team_2": 6,
    "week": 8,
    "game_number": 79,
    "date": "2017-07-30",
    "best_of": 3,
    "season": 7,
    "team_1_wins": 0,
    "team_2_wins": 0
  }
},
{
  "model": "nalcs.match",
  "pk": 800,
  "fields": {
    "team_1": 7,
    "team_2": 4,
    "week": 8,
    "game_number": 80,
    "date": "2017-07-30",
    "best_of": 3,
    "season": 7,
    "team_1_wins": 0,
    "team_2_wins": 0
  }
},
{
  "model": "nalcs.match",
  "pk": 801,
  "fields": {
    "team_1": 6,
    "team_2": 3,
    "week": 9,
    "game_number": 81,
    "date": "2017-08-04",
    "best_of": 3,
    "season": 7,
    "team_1_wins": 0,
    "team_2_wins": 0
  }
},
{
  "model": "nalcs.match",
  "pk": 802,
  "fields": {
    "team_1": 4,
    "team_2": 2,
    "week": 9,
    "game_number": 82,
    "date": "2017-08-04",
    "best_of": 3,
    "season": 7,
    "team_1_wins": 0,
    "team_2_wins": 0
  }
},
{
  "model": "nalcs.match",
  "pk": 803,
  "fields": {
    "team_1": 10,
    "team_2": 5,
    "week": 9,
    "game_number": 83,
    "date": "2017-08-05",
    "best_of": 3,
    "season": 7,
    "team_1_wins": 0,
    "team_2_wins": 0
  }
},
{
  "model": "nalcs.match",
  "pk": 804,
  "fields": {
    "team_1": 6,
    "team_2": 1,
    "week": 9,
    "game_number": 84,
    "date": "2017-08-05",
    "best_of": 3,
    "season": 7,
    "team_1_wins": 0,
    "team_2_wins": 0
  }
},
{
  "model": "nalcs.match",
  "pk": 805,
  "fields": {
    "team_1": 7,
    "team_2": 3,
    "week": 9,
    "game_number": 85,
    "date": "2017-08-05",
    "best_of": 3,
    "season": 7,
    "team_1_wins": 0,
    "team_2_wins": 0
  }
},
{
  "model": "nalcs.match",
  "pk": 806,
  "fields": {
    "team_1": 9,
    "team_2": 8,
    "week": 9,
    "game_number": 86,
    "date": "2017-08-05",
    "best_of": 3,
    "season": 7,
    "team_1_wins": 0,
    "team_2_wins": 0
  }
},
{
  "model": "nalcs.match",
  "pk": 807,
  "fields": {
    "team_1": 1,
    "team_2": 7,
    "week": 9,
    "game_number": 87,
    "date": "2017-08-06",
    "best_of": 3,
    "season": 7,
    "team_1_wins": 0,
    "team_2_wins": 0
  }
},
{
  "model": "nalcs.match",
  "pk": 808,
  "fields": {
    "team_1": 8,
    "team_2": 4,
    "week": 9,
    "game_number": 88,
    "date": "2017-08-06",
    "best_of": 3,
    "season": 7,
    "team_1_wins": 0,
    "team_2_wins": 0
  }
},
{
  "model": "nalcs.match",
  "pk": 809,
  "fields": {
    "team_1": 5,
    "team_2": 2,
    "week": 9,
    "game_number": 89,
    "date": "2017-08-06",
    "best_of": 3,
    "season": 7,
    "team_1_wins": 0,
    "team_2_wins": 0
  }
},
{
  "model": "nalcs.match",
  "pk": 810,
  "fields": {
    "team_1": 9,
    "team_2": 10,
    "week": 9,
    "game_number": 90,
    "date": "2017-08-06",
    "best_of": 3,
    "season": 7,
    "team_1_wins": 0,
    "team_2_wins": 0
  }
}
]
